course_code,section,days,start_time,end_time
AF 210,01,TuTh,14:00,15:15
AF 210,03,M,17:30,20:15
AF 210,04,TuTh,09:30,10:45
AF 210,05,MW,11:00,12:15
AF 210,06,MW,12:30,13:45
AF 210,07,F,11:00,13:45
AF 210,08,M,19:00,21:45
AF 210,09,Th,17:30,20:15
AF 210,01,TuTh,11:00,12:15
AF 210,02,MW,11:00,12:15
AF 210,03,MW,12:30,13:45
AF 210,05,TuTh,12:30,13:45
AF 210,06,TuTh,16:00,17:15
AF 211,01,Tu,17:30,20:15
AF 211,02,TuTh,14:00,15:15
AF 211,03,TuTh,09:30,10:45
AF 211,04,MWF,14:00,14:50
AF 211,06,F,11:00,13:45
AF 211,07,W,17:30,20:15
AF 211,08,M,17:30,20:15
AF 211,02,TuTh,11:00,12:15
AF 211,03,F,11:00,13:45
AF 211,04,MW,16:00,17:15
AF 211,08,MW,11:00,12:15
AF 301,02,TuTh,14:00,15:15
AF 301,03,TuTh,11:00,12:15
AF 301,04,MW,16:00,17:15
AF 301,05,F,11:00,13:45
AF 301,07,Tu,17:30,20:15
AF 301,08,MW,09:30,10:45
AF 301,10,Th,17:30,20:15
AF 301,02,M,17:30,20:15
AF 301,03,Th,17:30,20:15
AF 301,06,W,17:30,20:15
AF 301,07,F,09:30,12:15
AF 301,09,TuTh,11:00,12:15
AF 310,01,Tu,14:00,16:45
AF 310,01,TuTh,11:00,12:15
AF 310,02,MW,14:30,15:45
AF 311,01,Tu,17:30,20:15
AF 311,01,W,17:30,20:15
AF 315,01,MW,11:00,12:15
AF 317,01,F,13:00,15:45
AF 325,02,MW,09:30,10:45
AF 325,03,Tu,17:30,20:15
AF 325,01,TuTh,09:30,10:45
AF 330,01,M,19:00,21:45
AF 330,01,M,17:30,20:15
AF 335,02,MW,12:30,13:45
AF 335,03,W,17:30,20:15
AF 335,02,TuTh,11:00,12:15
AF 363,01,TuTh,11:00,12:15
AF 363,02,W,19:00,21:45
AF 363,01,TuTh,14:00,15:15
AF 363,02,Tu,17:30,20:15
AF 405,01,MW,09:30,10:45
AF 426,01,TuTh,09:30,10:45
AF 435,01,Tu,19:00,21:45
AF 444,01,M,17:30,20:15
AF 445,01,F,09:30,12:15
AF 451,01,Th,17:30,20:15
AF 455,01,W,17:30,20:15
AF 455,01,Tu,17:30,20:15
AF 470,01,Tu,17:30,20:15
AF 470,01,TuTh,14:00,15:15
AF 475,01,W,17:30,20:15
AF 495,01,TuTh,12:30,13:45
AF 495,01,W,17:30,20:15
AF 495,02,TuTh,16:00,17:15
AF 498,01,Tu,16:00,18:45
AF 499,01,TuTh,16:00,17:15
AFRSTY 100,01,MW,17:30,18:45
AFRSTY 100,01,MWF,09:00,09:50
AFRSTY 100,02,TuTh,12:30,13:45
AFRSTY 101,01,TuTh,11:00,12:15
AFRSTY 101,02,MW,16:00,17:15
AFRSTY 101,03,TuTh,16:00,17:15
AFRSTY 101,01,MWF,12:00,12:50
AFRSTY 101,02,TuTh,14:00,15:15
AFRSTY 108,01,MW,16:00,17:15
AFRSTY 110,01,MWF,09:00,09:50
AFRSTY 111,01,TuTh,09:30,10:45
AFRSTY 115G,01,TuTh|Th,12:30,13:45
AFRSTY 115G,01,MWF|M,14:00,14:50
AFRSTY 150,01,TuTh,11:00,12:15
AFRSTY 200,01,MWF,10:00,10:50
AFRSTY 230,01,MWF,15:00,15:50
AFRSTY 250,01,MW,17:30,18:45
AFRSTY 280,01,MWF,13:00,13:50
AFRSTY 292G,01,TuTh,11:00,12:15
AFRSTY 292G,02,TuTh,12:30,13:45
AFRSTY 300L,02,TuTh,09:30,10:45
AFRSTY 301,01,TuTh,16:00,17:15
AFRSTY 350L,01,TuTh,08:00,09:15
AFRSTY 352L,01,TuTh,12:30,13:45
AFRSTY 355L,01,TuTh,14:00,15:15
AFRSTY 440,01,MWF,11:00,11:50
AMST 100,01,TuTh,14:00,15:15
AMST 100,01,MWF,10:00,10:50
AMST 101,01,MWF,11:00,11:50
AMST 101,01,TuTh,14:00,15:15
AMST 110G,01,TuTh|Th,09:30,10:45
AMST 110G,01,TuTh|Th,11:00,12:15
AMST 201L,01,TuTh,14:00,15:15
AMST 206,01,MW,14:30,15:45
AMST 209,01,MW,14:30,15:45
AMST 210,01,MWF,09:00,09:50
AMST 211,01,TuTh,08:00,09:15
AMST 217,01,MWF,13:00,13:50
AMST 235,01,F,13:00,15:45
AMST 240G,01,F,13:00,15:45
AMST 268L,01,MWF,14:00,14:50
AMST 270L,01,MWF,09:00,09:50
AMST 278L,01,TuTh,11:00,12:15
AMST 325L,01,MW,14:30,15:45
AMST 335,01,TuTh,16:00,17:15
AMST 343L,01,TuTh,09:30,10:45
AMST 350L,01,TuTh,08:00,09:15
AMST 355L,01,TuTh,14:00,15:15
AMST 376L,01,MW,13:00,14:15
AMST 376L,01,TuTh,14:00,15:15
AMST 394L,01,TuTh,14:00,15:15
AMST 394L,01,MWF,09:00,09:50
AMST 402L,01,TuTh,11:00,12:15
AMST 405,01,TuTh,12:30,13:45
AMST 470L,01,TuTh,11:00,12:15
ANTH 105,01,TuTh,17:30,18:45
ANTH 105,02,MWF,11:00,11:50
ANTH 105,04,MWF,10:00,10:50
ANTH 105,02,MWF,09:00,09:50
ANTH 105,03,MWF,14:00,14:50
ANTH 105,04,TuTh,08:00,09:15
ANTH 106,01,TuTh,12:30,13:45
ANTH 106,02,TuTh,09:30,10:45
ANTH 106,01,TuTh,09:30,10:45
ANTH 106,02,TuTh,12:30,13:45
ANTH 106,03,MWF,12:00,12:50
ANTH 107,01,MWF,11:00,11:50
ANTH 107,02,MWF,13:00,13:50
ANTH 107,02,TuTh,11:00,12:15
ANTH 107,03,MWF,13:00,13:50
ANTH 112G,01,TuTh|Tu,09:30,10:45
ANTH 113G,01,MWF|W,10:00,10:50
ANTH 210L,01,TuTh,12:30,13:45
ANTH 210L,01,TuTh,11:00,12:15
ANTH 220G,01,TuTh,16:00,17:15
ANTH 220G,02,TuTh,17:30,18:45
ANTH 220G,01,TuTh,08:00,09:15
ANTH 224G,01,MW|,09:00,09:50
ANTH 224G,01,MW|F,11:00,11:50
ANTH 230,201,F,15:00,17:45
ANTH 230,01,F,15:00,17:45
ANTH 232,01,MWF,09:00,09:50
ANTH 243L,02,TuTh,16:00,17:15
ANTH 243L,01,MW,16:00,17:15
ANTH 247,01,MWF,12:00,12:50
ANTH 250L,01,TuTh,11:00,12:15
ANTH 256,01,MW,17:30,18:45
ANTH 260,01,TuTh,08:00,09:15
ANTH 263,01,MWF,12:00,12:50
ANTH 263,01,TuTh,11:00,12:15
ANTH 268,01,MWF,14:00,14:50
ANTH 269L,01,MW,16:00,17:15
ANTH 269L,01,MWF,11:00,11:50
ANTH 270L,01,MWF,09:00,09:50
ANTH 272,01,TuTh,11:00,12:15
ANTH 272,01,TuTh,14:00,15:15
ANTH 273,01,MWF,08:00,08:50
ANTH 274,01,MWF,14:00,14:50
ANTH 274,01,TuTh,14:00,15:15
ANTH 277,01,MW,14:30,15:45
ANTH 277,01,TuTh,14:00,15:15
ANTH 278L,01,TuTh,12:30,13:45
ANTH 279,01,TuTh,12:30,13:45
ANTH 295L,01,TuTh,14:00,15:15
ANTH 295L,01,TuTh,11:00,12:15
ANTH 316,01,TuTh,08:00,09:15
ANTH 317,01,TuTh,09:30,10:45
ANTH 330,01,MWF,13:00,13:50
ANTH 340,01,MWF,14:00,14:50
ANTH 345,01,TuTh,14:00,15:15
ANTH 358,01,TuTh,11:00,12:15
ANTH 359,01,MWF,10:00,10:50
ANTH 361L,01,MWF,13:00,13:50
ANTH 364,01,MW,17:30,18:45
ANTH 372,01,TuTh,12:30,13:45
ANTH 385,01,TuTh,09:30,10:45
ANTH 412,01,MWF,11:00,11:50
ANTH 425,01,TuTh,12:30,13:45
ANTH 425,01,Th,16:00,18:45
ANTH 477L,01,TuTh,12:30,13:45
ARABIC 101,01,MWF,09:00,09:50
ARABIC 101,201,Sa,11:45,14:45
ARABIC 102,02,MWF,12:00,12:50
ARABIC 201,01,MWF,11:00,11:50
ARABIC 202,01,TuTh,14:00,15:15
ARABIC 320,01,TuTh,12:30,13:45
ART 100,01,Sa,08:15,11:15
ART 101,01,TuTh,09:30,10:45
ART 102,01,MW,17:30,18:45
ART 102,01,TuTh,14:00,15:15
ART 104L,01,MW,09:30,10:45
ART 104L,01,MW,13:00,14:15
ART 199,01,Tu,12:00,15:00
ART 208,01,TuTh,10:00,11:30
ART 212L,01,MW,13:00,14:15
ART 220,01,MW,09:00,10:30
ART 220,02,MW,12:00,13:30
ART 220,01,TuTh,12:00,13:30
ART 222,01,MW,14:30,15:45
ART 224,01,TuTh,14:00,15:15
ART 230,01,MW,13:00,14:15
ART 235,01,MW,09:30,10:45
ART 250,01,TuTh,12:30,13:45
ART 250,01,TuTh,16:00,17:15
ART 269L,01,MW,16:00,17:15
ART 269L,01,MWF,11:00,11:50
ART 278L,01,TuTh,11:00,12:15
ART 281,01,MW,02:00,15:30
ART 281,02,F,09:00,12:00
ART 281,01,MW,11:00,12:30
ART 281,02,TuTh,08:00,09:30
ART 281,03,F,09:00,12:00
ART 281,01,MTuWThF,12:00,15:00
ART 283,01,TuTh,12:00,13:30
ART 283,01,TuTh,10:00,11:30
ART 286,01,Tu,02:00,17:00
ART 286,01,W,09:00,12:00
ART 287,01,TuTh,10:00,11:30
ART 287,02,TuTh,02:00,15:30
ART 287,01,MW,11:00,12:30
ART 287,02,F,01:00,16:00
ART 293L,01,MW,09:00,10:30
ART 293L,02,MW,12:00,13:30
ART 293L,01,TuTh,02:30,16:00
ART 293L,01,MTuWThF,08:30,11:30
ART 295L,01,MW,10:00,11:30
ART 295L,02,MW,02:30,16:00
ART 295L,01,MW,02:30,16:00
ART 297,01,TuTh,12:00,13:30
ART 297,01,MW,09:00,10:30
ART 310,01,TuTh,14:00,15:15
ART 311,01,TuTh,12:30,13:45
ART 315,01,MW,11:00,12:15
ART 317,01,MW,14:30,15:45
ART 320,01,MW,09:00,10:30
ART 327L,01,MWF,12:00,12:50
ART 370L,01,TuTh,12:30,13:45
ART 375,01,TuTh,14:00,15:15
ART 381W,01,TuTh,10:00,11:30
ART 382,01,M,01:00,16:00
ART 383,01,F,01:00,16:00
ART 386,01,W,12:00,15:00
ART 387,01,MW,12:45,14:15
ART 393L,01,F,03:00,18:00
ART 481,01,W,02:30,17:30
ASAMST 200,01,TuTh,14:00,15:15
ASAMST 200,01,W,16:00,18:45
ASAMST 200,02,TuTh,12:30,13:45
ASAMST 223L,01,TuTh,12:30,13:45
ASAMST 223L,01,TuTh,11:00,12:15
ASAMST 225L,01,TuTh,12:30,13:45
ASAMST 225L,01,TuTh,14:00,15:15
ASAMST 226,01,M,16:00,18:45
ASAMST 226,02,Tu,16:00,18:45
ASAMST 228L,01,W,16:00,18:45
ASAMST 238L,01,TuTh,11:00,12:15
ASAMST 250G,01,M,16:00,18:45
ASAMST 270,01,TuTh,11:00,12:15
ASAMST 345,01,M,16:00,18:45
ASAMST 353L,01,TuTh,16:00,17:15
ASAMST 375L,01,Tu,17:30,20:15
ASAMST 375L,01,M,19:00,21:45
ASAMST 390,01,TuTh,16:00,17:15
ASAMST 398,01,TuTh,14:00,15:15
ASAMST 423,01,Tu,16:00,18:45
ASIAN 104L,01,MW,09:30,10:45
ASIAN 104L,01,MW,13:00,14:15
ASIAN 112L,01,MWF,15:00,15:50
ASIAN 115L,01,MW,14:30,15:45
ASIAN 115L,01,TuTh,11:00,12:15
ASIAN 155L,01,TuTh,14:00,15:15
ASIAN 161L,01,MW,13:00,14:15
ASIAN 215L,01,TuTh,09:30,10:45
ASIAN 215L,01,MTuWThF,08:30,11:30
ASIAN 227GL,01,MW,17:30,18:45
ASIAN 227GL,01,MWF,12:00,12:50
ASIAN 235L,01,TuTh,12:30,13:45
ASIAN 251L,01,TuTh,09:30,10:45
ASIAN 280,01,TuTh,12:30,13:45
ASIAN 314L,01,MW,09:30,10:45
ASIAN 335L,01,TuTh,08:00,09:15
ASIAN 345L,01,MW,13:00,14:15
ASIAN 345L,01,MWF,11:00,11:50
ASIAN 351L,01,TuTh,16:00,17:15
ASIAN 357L,01,TuTh,14:00,15:15
ASIAN 358L,01,MWF,11:00,11:50
ASIAN 361L,01,F,13:00,15:45
ASIAN 365L,01,TuTh,08:00,09:15
ASIAN 367L,01,TuTh,16:00,17:15
ASIAN 488L,01,TuTh,09:30,10:45
BC 230,03,TuTh,12:30,13:45
BC 230,02,TuTh,09:30,10:45
BC 290,01,MW,09:30,10:45
BC 290,02,TuTh,14:00,15:15
BC 290,03,MW,11:00,12:15
BC 290,06,TuTh,12:30,13:45
BC 290,07,MW,08:00,09:15
BC 290,08,F,08:00,10:45
BC 290,09,TuTh,09:30,10:45
BC 290,01,MW,08:00,09:15
BC 290,02,MW,09:30,10:45
BC 290,03,F,13:00,15:45
BC 290,04,MW,11:00,12:15
BC 290,07,TuTh,11:00,12:15
BC 290,08,TuTh,12:30,13:45
BC 290,11,TuTh,14:00,15:15
BC 295,01,MW,13:00,14:15
BC 298,02,F,08:00,10:45
BIOCHM 383,01,MWF,10:00,10:50
BIOCHM 383,01,MWF,09:00,09:50
BIOCHM 384,01,MWF,10:00,10:50
BIOCHM 385,01,Tu,12:30,16:29
BIOCHM 385,02,Th,12:30,16:29
BIOCHM 385,01,Tu,01:00,16:59
BIOCHM 385,02,Th,01:00,16:59
BIOCHM 386,01L,W,01:00,16:59
BIOCHM 386,02L,F,12:00,15:59
BIOL 101,01,MWF,12:00,12:50
BIOL 101,02,MWF,14:00,14:50
BIOL 101,02,TuTh,14:00,15:15
BIOL 101,03,MWF,10:00,10:50
BIOL 101,04,MWF,15:00,15:50
BIOL 102,01,TuTh,09:30,10:45
BIOL 102,02,TuTh,14:00,15:15
BIOL 102,02,TuTh,12:30,13:45
BIOL 108,01,TuTh,19:00,20:15
BIOL 108,01,TuTh,11:00,12:15
BIOL 111,01,MWF,12:00,12:50
BIOL 111,01L,Tu,09:30,12:29
BIOL 111,02,MWF,14:00,14:50
BIOL 111,02L,Tu,09:30,12:29
BIOL 111,03L,Tu,09:30,12:29
BIOL 111,04L,Tu,02:00,16:59
BIOL 111,05L,Tu,02:00,16:59
BIOL 111,06L,Tu,02:00,16:59
BIOL 111,07L,Tu,06:30,21:29
BIOL 111,08L,Tu,06:30,21:29
BIOL 111,09L,Tu,06:30,21:29
BIOL 111,10L,W,08:30,11:29
BIOL 111,11L,W,08:30,11:29
BIOL 111,12L,W,08:30,11:29
BIOL 111,13L,W,01:00,15:59
BIOL 111,14L,W,01:00,15:59
BIOL 111,15L,W,01:00,15:59
BIOL 111,16L,W,05:30,20:29
BIOL 111,17L,W,05:30,20:29
BIOL 111,18L,W,05:30,20:29
BIOL 111,19L,Th,09:30,12:29
BIOL 111,20L,Th,09:30,12:29
BIOL 111,21L,Th,09:30,12:29
BIOL 111,23L,Th,02:00,16:59
BIOL 111,24L,Th,02:00,16:59
BIOL 111,25L,F,08:30,11:29
BIOL 111,26L,F,08:30,11:29
BIOL 111,27L,F,08:30,11:29
BIOL 111,28L,F,01:00,15:59
BIOL 111,29L,F,01:00,15:59
BIOL 111,30L,F,01:00,15:59
BIOL 111,01,MW,17:30,18:45
BIOL 111,03L,Tu,02:00,16:59
BIOL 111,05L,W,02:00,16:59
BIOL 111,06L,W,02:00,16:59
BIOL 111,07L,Th,09:30,12:29
BIOL 111,08L,Th,09:30,12:29
BIOL 111,09L,Th,02:00,16:59
BIOL 111,10L,Th,02:00,16:59
BIOL 112,01,TuTh,12:30,13:45
BIOL 112,01L,Tu,09:00,11:59
BIOL 112,02L,Tu,02:00,16:59
BIOL 112,03L,W,11:00,13:59
BIOL 112,04L,W,03:30,18:29
BIOL 112,05L,Th,09:00,11:59
BIOL 112,06L,Th,02:00,16:59
BIOL 112,01,MWF,11:00,11:50
BIOL 112,01L,Tu,08:00,10:59
BIOL 112,02,MWF,12:00,12:50
BIOL 112,02L,Tu,08:00,10:59
BIOL 112,03L,Tu,12:30,15:29
BIOL 112,04L,Tu,12:30,15:29
BIOL 112,05L,Tu,05:00,19:59
BIOL 112,06L,Tu,05:00,19:59
BIOL 112,07L,W,08:00,10:59
BIOL 112,08L,W,08:00,10:59
BIOL 112,09L,W,01:00,15:59
BIOL 112,10L,W,01:00,15:59
BIOL 112,11L,W,05:00,19:59
BIOL 112,12L,W,05:00,19:59
BIOL 112,13L,Th,09:30,12:29
BIOL 112,14L,Th,09:30,12:29
BIOL 112,15L,Th,02:00,16:59
BIOL 112,16L,Th,02:00,16:59
BIOL 112,17L,F,08:00,10:59
BIOL 112,18L,F,08:00,10:59
BIOL 188S,01,MW,09:00,09:50
BIOL 188S,02,TuTh,12:30,13:20
BIOL 207,01,TuTh,08:00,09:15
BIOL 207,01L,Tu,09:30,12:29
BIOL 207,02,TuTh,17:30,18:45
BIOL 207,02L,Tu,02:00,16:59
BIOL 207,03L,Tu,02:00,16:59
BIOL 207,04L,W,08:00,10:59
BIOL 207,05L,W,11:00,13:59
BIOL 207,06L,W,11:00,13:59
BIOL 207,07L,W,02:00,16:59
BIOL 207,08L,W,05:30,20:29
BIOL 207,09L,Th,09:30,12:29
BIOL 207,10L,Th,09:30,12:29
BIOL 207,11L,Th,02:00,16:59
BIOL 207,12L,Th,02:00,16:59
BIOL 207,13L,F,08:00,10:59
BIOL 207,14L,F,11:00,13:59
BIOL 207,15L,F,02:00,16:59
BIOL 208,01,TuTh,08:00,09:15
BIOL 208,01L,Tu,09:30,12:29
BIOL 208,02,TuTh,17:30,18:45
BIOL 208,02L,Tu,02:00,16:59
BIOL 208,03L,Tu,02:00,16:59
BIOL 208,04L,W,08:00,10:59
BIOL 208,05L,W,11:00,13:59
BIOL 208,06L,W,11:00,13:59
BIOL 208,07L,W,02:00,16:59
BIOL 208,08L,W,05:30,20:29
BIOL 208,09L,Th,09:30,12:29
BIOL 208,10L,Th,09:30,12:29
BIOL 208,11L,Th,02:00,16:59
BIOL 208,12L,Th,02:00,16:59
BIOL 208,13L,F,08:00,10:59
BIOL 208,14L,F,11:00,13:59
BIOL 208,15L,F,02:00,16:59
BIOL 209,01,TuTh,09:30,10:45
BIOL 209,01L,Tu,12:30,15:29
BIOL 209,02L,Tu,12:30,15:29
BIOL 209,03L,W,12:00,14:59
BIOL 209,04L,W,12:00,14:59
BIOL 209,05L,Th,12:30,15:29
BIOL 209,06L,Th,12:30,15:29
BIOL 209,01,TuTh,16:00,17:15
BIOL 209,02L,Th,12:30,15:29
BIOL 210,01,MWF,10:00,10:50
BIOL 210,01L,Tu,09:30,12:29
BIOL 210,02L,Tu,02:00,16:59
BIOL 210,03L,W,02:00,16:59
BIOL 210,04L,Th,09:30,12:29
BIOL 210,05L,Th,02:00,16:59
BIOL 212,01,MWF,10:00,10:50
BIOL 252,01,MWF,09:00,09:50
BIOL 252,01L,Tu,09:30,12:29
BIOL 252,02L,Tu,09:30,12:29
BIOL 252,03L,Tu,02:00,16:59
BIOL 252,04L,W,02:00,16:59
BIOL 252,05L,W,02:00,16:59
BIOL 252,06L,Th,09:30,12:29
BIOL 252,07L,Th,02:00,16:59
BIOL 252,01,MWF,12:00,12:50
BIOL 252,02L,Tu,02:00,16:59
BIOL 252,03L,W,02:00,16:59
BIOL 252,04L,Th,09:30,12:29
BIOL 252,05L,Th,02:00,16:59
BIOL 254,01,MWF,09:00,09:50
BIOL 254,01,MWF,12:00,12:50
BIOL 290,01,MWF,11:00,11:50
BIOL 290,01,TuTh,09:30,10:45
BIOL 304,01,MWF,14:00,14:50
BIOL 304,01,MW,08:00,09:15
BIOL 307,01,TuTh,08:00,09:15
BIOL 308,01,TuTh,08:00,09:15
BIOL 309,01L,Tu,09:30,12:29
BIOL 309,02L,Tu,01:00,15:59
BIOL 309,03L,Th,09:30,12:29
BIOL 309,04L,Th,01:00,15:59
BIOL 310,01L,Tu,09:30,12:29
BIOL 310,02L,Tu,01:00,15:59
BIOL 310,03L,Th,09:30,12:29
BIOL 310,04L,Th,01:00,15:59
BIOL 311,01,MW,13:00,14:15
BIOL 312,01,Tu,01:00,15:59
BIOL 314,01,MWF,11:00,11:50
BIOL 315,01L,Tu,02:00,16:59
BIOL 315,02L,W,02:00,16:59
BIOL 315,01L,W,02:00,16:59
BIOL 315,02L,Th,02:00,16:59
BIOL 316,01,TuTh,09:30,10:45
BIOL 316,01L,M,02:00,16:59
BIOL 316,02L,W,02:00,16:59
BIOL 318,01,TuTh,09:30,10:45
BIOL 319,01,MWF,12:00,12:50
BIOL 321,01,TuTh,09:30,10:45
BIOL 321,01L,Tu,12:30,15:29
BIOL 323,01,TuTh,09:30,10:45
BIOL 330,01,Tu,17:30,20:15
BIOL 334,01,MW,08:00,09:15
BIOL 334,01L,Tu,12:30,15:29
BIOL 334,02L,W,12:00,14:59
BIOL 334,03L,W,03:00,17:59
BIOL 334,04L,Th,12:30,15:29
BIOL 337,01,MWF,11:00,11:50
BIOL 337,01L,Tu,01:00,15:59
BIOL 339,01,MWF,11:00,11:50
BIOL 342,01,MWF,11:00,11:50
BIOL 342,01,TuTh,09:30,10:45
BIOL 343,01L,W,01:00,15:59
BIOL 343,01L,Th,01:00,16:59
BIOL 347,01L,W,01:00,15:59
BIOL 348,01,MWF,10:00,10:50
BIOL 352,01,MW,13:00,14:15
BIOL 353,01L,Th,12:30,16:29
BIOL 355,01,TuTh,14:00,15:15
BIOL 356,01L,F,10:00,12:59
BIOL 357,01,TuTh,11:00,12:15
BIOL 360,01,TuTh,14:00,15:15
BIOL 361,01L,F,10:00,12:59
BIOL 362,01,MWF,10:00,10:50
BIOL 362,01L,TuTh,09:30,10:45
BIOL 363,01,MWF,10:00,10:50
BIOL 364,01L,Th,02:00,16:59
BIOL 366,01,TuTh,16:00,17:15
BIOL 370,01,TuTh,08:00,09:15
BIOL 370,01L,W,02:00,16:59
BIOL 370,01,TuTh,12:30,13:45
BIOL 370,01L,Th,02:00,16:59
BIOL 372,01,TuTh,08:00,09:15
BIOL 372,01,TuTh,12:30,13:45
BIOL 376,01,TuTh,09:30,10:45
BIOL 377,01,TuTh,11:00,12:15
BIOL 377,01,MW,16:00,17:15
BIOL 378,01,MWF,13:00,13:50
BIOL 378,01L,Tu,09:30,12:29
BIOL 378,02L,Th,09:30,12:29
BIOL 380,01,MWF,13:00,13:50
BIOL 381,01,TuTh,14:00,15:15
BUSADM 120G,01,TuTh|Tu,08:00,09:15
BUSADM 120G,03,Tu|TuTh,11:00,12:00
BUSADM 120G,05,M|MW,02:30,15:30
BUSADM 120G,08,W|MWF,11:00,11:50
BUSADM 120G,84,MW|W,13:00,14:15
BUSADM 120G,86,TuTh,02:00,15:45
BUSADM 120G,87,MWF|M,10:00,10:50
BUSADM 120G,02,TuTh,11:30,13:15
BUSADM 120G,04,MWF|M,11:00,11:50
BUSADM 120G,06,W|MWF,12:00,12:50
CAPS 112,01,Tu,13:00,13:50
CAPS 112,02,Th,13:00,13:50
CAPS 112,03,Th,13:00,13:50
CHEM 105,02,MW,09:00,09:50
CHEM 105,03,TuTh,17:30,18:20
CHEM 115,01,MWF,10:00,10:50
CHEM 115,01D,M,09:00,09:50
CHEM 115,02D,M,11:00,11:50
CHEM 115,03,TuTh,16:00,17:15
CHEM 115,03D,M,13:00,13:50
CHEM 115,04D,W,12:00,12:50
CHEM 115,05D,W,11:00,11:50
CHEM 115,06D,W,13:00,13:50
CHEM 115,07D,F,09:00,09:50
CHEM 115,31D,Tu,14:00,14:50
CHEM 115,32D,Th,14:00,14:50
CHEM 115,33D,Tu,15:00,15:50
CHEM 115,34D,Th,15:00,15:50
CHEM 115,35D,Tu,12:30,13:20
CHEM 115,01,TuTh,14:00,15:15
CHEM 115,01D,Tu,12:30,13:20
CHEM 115,02,MW,16:00,17:15
CHEM 115,02D,Th,12:30,13:20
CHEM 115,03D,Tu,15:30,16:20
CHEM 115,04D,Th,15:30,16:20
CHEM 115,21D,M,14:00,14:50
CHEM 115,22D,W,14:00,14:50
CHEM 115,23D,M,15:00,15:50
CHEM 115,24D,W,15:00,15:50
CHEM 116,01,TuTh,14:00,15:15
CHEM 116,01D,Tu,15:30,16:20
CHEM 116,02,MW,16:00,17:15
CHEM 116,02D,Th,15:30,16:20
CHEM 116,03D,Tu,16:30,17:20
CHEM 116,04D,Th,16:30,17:20
CHEM 116,21D,M,15:00,15:50
CHEM 116,22D,W,15:00,15:50
CHEM 116,01,MWF,10:00,10:50
CHEM 116,01D,M,09:00,09:50
CHEM 116,02,TuTh,16:00,17:15
CHEM 116,02D,M,11:00,11:50
CHEM 116,03D,M,13:00,13:50
CHEM 116,04D,W,09:00,09:50
CHEM 116,05D,W,11:00,11:50
CHEM 116,06D,W,13:00,13:50
CHEM 116,07D,F,09:00,09:50
CHEM 116,21D,Tu,14:00,14:50
CHEM 116,22D,Th,14:00,14:50
CHEM 116,23D,Tu,15:00,15:50
CHEM 116,24D,Th,15:00,15:50
CHEM 117,01L,M,01:00,17:00
CHEM 117,02L,Tu,08:30,12:30
CHEM 117,03L,Tu,12:30,16:30
CHEM 117,04L,W,01:00,17:00
CHEM 117,05L,Th,08:30,12:30
CHEM 117,06L,Th,12:30,16:30
CHEM 117,07L,F,01:00,17:00
CHEM 117,08L,Tu,05:30,21:30
CHEM 117,10L,M,05:00,21:00
CHEM 117,11L,W,05:00,21:00
CHEM 117,31L,M,01:00,16:59
CHEM 117,32L,Tu,08:30,12:30
CHEM 117,33L,Tu,12:30,16:30
CHEM 117,34L,W,01:00,17:00
CHEM 117,35L,Th,08:30,12:30
CHEM 117,36L,Th,12:30,16:30
CHEM 117,37L,F,01:00,17:00
CHEM 117,61L,M,01:00,17:00
CHEM 117,62L,Tu,08:30,12:30
CHEM 117,64L,W,01:00,17:00
CHEM 117,01L,M,01:00,16:59
CHEM 117,02L,Tu,08:30,12:29
CHEM 117,03L,W,01:00,16:59
CHEM 117,04L,Th,08:30,12:29
CHEM 117,05L,F,08:00,11:59
CHEM 117,06L,W,08:00,11:59
CHEM 117,07L,M,08:00,11:59
CHEM 117,32L,Tu,08:30,12:29
CHEM 117,33L,W,01:00,16:59
CHEM 117,34L,Th,08:30,12:29
CHEM 117,36L,W,08:00,11:59
CHEM 117,37L,M,08:00,11:59
CHEM 118,01L,M,01:00,17:00
CHEM 118,02L,Tu,08:30,12:30
CHEM 118,03L,W,01:00,17:00
CHEM 118,04L,Th,08:30,12:30
CHEM 118,05L,F,01:00,17:00
CHEM 118,06L,Tu,12:30,16:30
CHEM 118,07L,Th,12:30,16:30
CHEM 118,32L,Tu,08:30,12:30
CHEM 118,34L,Th,08:30,12:30
CHEM 118,35L,F,01:00,17:00
CHEM 118,01L,M,01:00,16:59
CHEM 118,02L,Tu,08:30,12:29
CHEM 118,03L,Tu,12:30,16:29
CHEM 118,04L,W,01:00,16:59
CHEM 118,05L,Th,08:30,12:29
CHEM 118,06L,Th,12:30,16:29
CHEM 118,07L,F,01:00,16:59
CHEM 118,08L,Tu,05:30,21:29
CHEM 118,09L,Th,05:30,21:29
CHEM 118,32L,Tu,08:30,12:29
CHEM 118,33L,Tu,12:30,16:29
CHEM 118,34L,W,01:00,16:59
CHEM 118,39L,Th,05:30,21:30
CHEM 130,01,MWF,09:00,09:50
CHEM 130,01D,M,10:00,10:50
CHEM 130,01L,M,01:00,16:00
CHEM 130,01,MWF,10:00,10:50
CHEM 130,01D,M,11:00,11:50
CHEM 130,01L,M,01:00,15:59
CHEM 130,02D,W,11:00,11:50
CHEM 130,02L,Tu,10:00,12:59
CHEM 130,03D,F,11:00,11:50
CHEM 130,03L,W,01:00,15:59
CHEM 130,04D,M,12:00,12:50
CHEM 130,04L,F,01:00,15:59
CHEM 130,05D,W,12:00,12:50
CHEM 130,05L,Tu,01:00,15:59
CHEM 251,01,MWF,11:00,11:50
CHEM 251,01D,M,13:00,13:50
CHEM 251,02D,M,14:00,14:50
CHEM 251,03D,W,13:00,13:50
CHEM 251,04D,W,14:00,14:50
CHEM 251,05D,F,13:00,13:50
CHEM 251,06D,F,14:00,14:50
CHEM 251,01,TuTh,12:30,13:45
CHEM 251,01D,Tu,14:00,14:50
CHEM 251,02D,W,11:00,11:50
CHEM 251,03D,Tu,15:30,16:20
CHEM 252,01,TuTh,12:30,13:45
CHEM 252,01D,Tu,14:00,14:50
CHEM 252,02D,Th,14:00,14:50
CHEM 252,01,MWF,11:00,11:50
CHEM 252,01D,M,13:00,13:50
CHEM 252,02D,M,14:00,14:50
CHEM 252,03D,W,13:00,13:50
CHEM 252,04D,F,13:00,13:50
CHEM 255,01L,Tu,08:30,12:30
CHEM 255,02L,Tu,12:30,16:30
CHEM 255,03L,W,01:00,17:00
CHEM 255,04L,Th,08:30,12:30
CHEM 255,05L,Th,12:30,16:30
CHEM 255,06L,F,01:00,17:00
CHEM 255,31L,Tu,08:30,12:30
CHEM 255,32L,Tu,12:30,16:30
CHEM 255,33L,W,01:00,17:00
CHEM 255,34L,Th,08:30,12:30
CHEM 255,01L,Tu,08:30,12:29
CHEM 255,02L,W,01:00,16:59
CHEM 255,03L,Th,08:30,12:29
CHEM 255,04L,F,01:00,16:59
CHEM 255,31L,Tu,08:30,12:29
CHEM 255,32L,W,01:00,16:59
CHEM 256,01L,Tu,08:30,12:30
CHEM 256,02L,W,01:00,17:00
CHEM 256,03L,Th,08:30,12:30
CHEM 256,04L,F,01:00,17:00
CHEM 256,01L,Tu,08:30,12:29
CHEM 256,02L,Tu,12:30,16:29
CHEM 256,03L,W,01:00,16:59
CHEM 256,04L,Th,12:30,16:29
CHEM 256,05L,F,01:00,16:59
CHEM 256,06L,Th,08:30,12:29
CHEM 256,31L,Tu,08:30,12:29
CHEM 256,34L,Th,12:30,16:29
CHEM 311,01,TuTh,09:30,10:45
CHEM 311,01D,Tu,08:00,09:15
CHEM 312,01,TuTh,11:00,12:15
CHEM 312,01D,Th,09:30,10:45
CHEM 313,01,Th,08:00,09:15
CHEM 313,01L,Tu,12:30,15:30
CHEM 313,02L,W,01:00,16:00
CHEM 313,03L,M,01:00,16:00
CHEM 313,04:,Tu,06:00,21:00
CHEM 314,01,Tu,12:30,13:59
CHEM 314,01L,Tu,02:00,17:00
CHEM 314,02L,Th,02:00,17:00
CHEM 351,01,M,13:00,13:50
CHEM 351,01L,M,02:00,20:00
CHEM 354,01,MWF,10:00,10:50
CHEM 361,01,WF,12:00,12:50
CHEM 361,01L,F,01:00,16:50
CHEM 369,01,TuTh,11:00,12:15
CHEM 369,01D,Th,12:30,13:45
CHEM 370,01,TuTh,11:00,12:15
CHEM 370,01D,Th,12:30,13:45
CHEM 371,01,W,13:00,13:50
CHEM 371,01L,W,02:00,17:00
CHEM 379,01,Tu,12:30,13:45
CHEM 379,01L,Tu,02:00,17:00
CHEM 379,02L,Th,02:00,17:00
CHEM 471,01,W,17:30,20:15
CHEM 498,01,MWF,12:00,12:50
CHEM 499,01,MWF,11:00,11:50
CHINSE 101,01,MWF,08:00,08:50
CHINSE 101,02,MWF,10:00,10:50
CHINSE 101,03,MWF,13:00,13:50
CHINSE 101,04,TuTh,09:30,10:45
CHINSE 102,01,MWF,09:00,09:50
CHINSE 102,02,TuTh,09:30,10:45
CHINSE 201,02,TuTh,11:00,12:15
CHINSE 202,01,MWF,10:00,10:50
CHINSE 301,01,TuTh,12:30,13:45
CHINSE 302,01,TuTh,11:00,12:15
CHINSE 315,01,TuTh,14:00,15:15
CINE 101,01,TuTh,09:00,10:50
CINE 121G,01,W|MWF,13:00,13:50
CINE 121G,01,W|MWF,10:00,10:50
CINE 205L,01,M,16:00,18:45
CINE 235L,01,MW,01:00,14:50
CINE 258L,01,MWF,12:00,12:50
CINE 260L,01,MWF,11:00,11:50
CINE 265L,01,MWF,10:00,10:50
CINE 275L,01,TuTh,12:30,13:45
CINE 276L,01,MW,10:00,11:50
CINE 293L,01,MW,09:00,10:30
CINE 293L,02,MW,12:00,13:30
CINE 293L,01,TuTh,02:30,16:00
CINE 293L,01,MTuWThF,08:30,11:30
CINE 295L,01,MW,10:00,11:30
CINE 295L,02,MW,02:30,16:00
CINE 295L,01,MW,02:30,16:00
CINE 320,01,MW,01:00,14:50
CINE 320,01,TuTh,08:50,10:40
CINE 341L,01,MW,12:00,13:45
CINE 361L,01,MWF,13:00,13:50
CINE 370L,01,TuTh,12:30,13:45
CINE 393L,01,F,03:00,18:00
CINE 412L,01,MW,12:00,13:50
CLSICS 175G,01,MWF|M,10:00,10:50
CLSICS 175G,02,W|MWF,11:00,11:50
CLSICS 180,01,TuTh,09:30,10:45
CLSICS 212G,01,TuTh,09:30,10:45
CLSICS 218G,01,TuTh,12:30,13:45
CLSICS 230L,01,MWF,13:00,13:50
CLSICS 240G,01,MWF,09:00,09:50
CLSICS 281,01,TuTh,11:00,12:15
CLSICS 282,01,TuTh,12:30,13:45
CLSICS 284,01,MWF,11:00,11:50
CLSICS 284,01,MWF,09:00,09:50
CLSICS 285,01,MWF,13:00,13:50
CLSICS 294,01,MWF,09:00,09:50
CLSICS 302L,01,MWF,11:00,11:50
CLSICS 303L,01,MWF,11:00,11:50
CLSICS 327L,01,MWF,12:00,12:50
CLSICS 387,01,MWF,10:00,10:50
COMM 100,01,MW,13:00,14:15
COMM 100,02,F,13:00,15:45
COMM 100,03,TuTh,11:00,12:15
COMM 100,03,TuTh,09:30,10:45
COMM 100,04,TuTh,11:00,12:15
COMM 105,01,MW,08:00,09:15
COMM 105,02,MW,09:30,10:45
COMM 105,03,TuTh,09:30,10:45
COMM 105,01,TuTh,08:00,09:15
COMM 105,02,Tu,16:00,18:45
COMM 105,03,TuTh,12:30,13:45
COMM 105,04,W,16:00,18:45
COMM 200,01,F,08:00,10:45
COMM 200,02,TuTh,09:30,10:45
COMM 200,01,MW,08:00,09:15
COMM 200,02,MW,14:30,15:45
COMM 200,03,TuTh,12:30,13:45
COMM 220,01,TuTh,16:00,17:15
COMM 230,01,MW,14:30,15:45
COMM 230,01,TuTh,12:30,13:45
COMM 270,01,F,13:00,15:45
COMM 270,01,TuTh,11:00,12:15
COMM 280,01,TuTh,14:00,15:15
COMM 315,01,MW,16:00,17:15
COMM 325,01,MW,14:30,15:45
COMM 330,01,F,13:00,15:45
COMM 340,01,MW,09:30,10:45
COMM 345L,01,MW,13:00,14:15
COMM 345L,01,TuTh,11:00,12:15
COMM 351,01,MW,16:00,17:15
COMM 351,02,TuTh,14:00,15:15
COMM 351,01,F,08:00,10:45
COMM 351,02,TuTh,09:30,10:45
COMM 360,01,TuTh,12:30,13:45
COMM 365,01,M,16:00,18:45
COMM 365,01,MW,13:00,14:15
COMM 372,01,TuTh,11:00,12:15
COMM 480,01,MW,14:30,15:45
COMM 480,02,TuTh,12:30,13:45
COMM 480,01,TuTh,11:00,12:15
COMM 480,02,TuTh,14:00,15:15
CRW 112,01,MWF,09:00,09:50
CRW 112,02,TuTh,11:00,12:15
CRW 112,03,MW,11:00,12:15
CRW 112,04,TuTh,09:30,10:45
CRW 112,05,MW,14:00,15:15
CRW 112,06,TuTh,09:30,10:45
CRW 112,07,MWF,10:00,10:50
CRW 112,08,TuTh,14:00,15:15
CRW 112,01,TuTh,09:30,10:45
CRW 282,01,TuTh,08:00,09:15
CS 105,01,MWF,10:00,10:50
CS 105,02,MWF,11:00,11:50
CS 110,01,TuTh,11:00,12:15
CS 110,01D,Tu,09:30,10:45
CS 110,02,TuTh,17:30,18:45
CS 110,02D,Th,09:30,10:45
CS 110,03,MW,19:00,20:15
CS 110,03D,Tu,12:30,13:45
CS 110,04,MW,17:30,18:45
CS 110,04D,Th,12:30,13:45
CS 110,05D,Tu,12:30,13:45
CS 110,06D,Th,12:30,13:45
CS 110,09D,Tu,16:00,17:15
CS 110,10D,Th,16:00,17:15
CS 110,15D,M,17:30,18:45
CS 110,16D,W,17:30,18:45
CS 110,17D,M,19:00,20:15
CS 110,18D,W,19:00,20:15
CS 110,01,TuTh,12:30,13:45
CS 110,01D,Tu,11:00,12:15
CS 110,02D,Th,11:00,12:15
CS 110,03,MW,16:00,17:15
CS 110,03D,Tu,14:00,15:15
CS 110,04D,Th,14:00,15:15
CS 110,05D,Tu,19:00,20:15
CS 110,07D,Th,19:00,20:15
CS 110,08D,Tu,09:30,10:45
CS 110,09D,Th,09:30,10:45
CS 110,10D,M,17:30,18:45
CS 110,11D,W,17:30,18:45
CS 119,01,TuTh,11:00,12:15
CS 119,02,TuTh,17:30,18:45
CS 119,03,MW,19:00,20:15
CS 119,04,MW,17:30,18:45
CS 119,01,TuTh,12:30,13:45
CS 119,03,MW,16:00,17:15
CS 210,01,TuTh,12:30,13:45
CS 210,01D,Tu,11:00,12:15
CS 210,02,MW,17:30,18:45
CS 210,02D,Th,11:00,12:15
CS 210,03,TuTh,17:30,18:45
CS 210,03D,Tu,14:00,15:15
CS 210,04D,Th,14:00,15:15
CS 210,05D,M,19:00,20:15
CS 210,06D,W,19:00,20:15
CS 210,07D,Tu,19:00,20:15
CS 210,08D,Th,19:00,20:15
CS 210,01,TuTh,14:00,15:15
CS 210,01D,Tu,12:30,13:45
CS 210,02,MW,16:00,17:15
CS 210,02D,Th,12:30,13:45
CS 210,03D,Tu,16:00,17:15
CS 210,04D,Th,16:00,17:15
CS 210,05D,M,17:30,18:45
CS 210,06D,W,17:30,18:45
CS 210,07D,Tu,09:30,10:45
CS 210,08D,Th,09:30,10:45
CS 220,01,MW,14:00,15:15
CS 220,02,TuTh,16:00,17:15
CS 220,03,TuTh,19:00,20:15
CS 220,01,TuTh,17:30,18:45
CS 220,02,MW,16:00,17:15
CS 220,03,MW,17:30,18:45
CS 240,01,TuTh,17:30,18:45
CS 240,02,TuTh,11:00,12:15
CS 240,03,TuTh,16:00,17:15
CS 271L,01,MW,16:00,17:15
CS 271L,02,F,13:00,15:45
CS 285L,01,TuTh,12:30,13:45
CS 285L,02,TuTh,16:00,17:15
CS 285L,03,TuTh,17:30,18:45
CS 285L,04,TuTh,11:00,12:15
CS 285L,01,TuTh,16:00,17:15
CS 285L,02,TuTh,12:30,13:45
CS 310,01,MW,16:00,17:15
CS 310,02,TuTh,16:00,17:15
CS 310,01,TuTh,08:00,09:15
CS 310,02,TuTh,11:00,12:15
CS 341,01,TuTh,19:00,20:15
CS 341,01L,Tu,17:30,18:45
CS 341,02L,Th,17:30,18:45
CS 341,03L,Tu,20:30,21:45
CS 341,04L,Th,20:30,21:45
CS 341,05L,Tu,16:00,17:15
CS 341,03L,Th,20:30,21:45
CS 341,04L,M,18:00,19:15
CS 341,05L,W,18:00,19:15
CS 410,01,TuTh,12:30,13:45
CS 410,02,TuTh,16:00,17:15
CS 410,01,MW,16:00,17:15
CS 410,02,TuTh,12:30,13:45
CS 413,01,MW,16:00,17:15
CS 415,01,TuTh,14:00,15:15
CS 420,01,MW,16:00,17:15
CS 420,02,MW,14:30,15:45
CS 420,03,TuTh,16:00,17:15
CS 430,01,MW,19:00,20:15
CS 436,01,TuTh,14:00,15:15
CS 437,01,TuTh,17:30,18:45
CS 438,01,MW,16:00,17:15
CS 438,01,MW,14:30,15:45
CS 442,01,MW,16:00,17:15
CS 444,01,TuTh,14:00,15:15
CS 444,02,TuTh,17:30,18:45
CS 444,01,TuTh,17:30,18:45
CS 444,02,TuTh,16:00,17:15
CS 446,01,TuTh,11:00,12:15
CS 446,01,TuTh,17:30,18:45
CS 449,01,MW,16:00,17:15
CS 449,01,MW,17:30,18:45
CS 450,01,TuTh,11:00,12:15
CS 450,02,TuTh,16:00,17:15
CS 450,02,TuTh,11:00,12:15
CS 451,01,TuTh,16:00,17:15
CS 460,01,TuTh,12:30,13:45
CS 461,01,TuTh,16:00,17:15
CS 461,01,TuTh,11:00,12:15
CS 470,01,MW,17:30,18:45
CS 470,01,MW,16:00,17:15
CS 480,01,MW,13:00,14:15
CS 480,02,MW,14:30,15:45
CS 480,03,MW,16:00,17:15
CSP 301,01,Tu,13:00,13:50
CSP 301,02,Tu,13:00,13:50
CSP 301,03,Tu,14:00,14:50
CSP 301,04,Tu,15:00,15:50
CSP 301,03,Tu,15:00,15:50
CSP 301,04,Tu,16:15,17:05
DANCE 130,01,TuTh,11:00,12:15
DANCE 131,01,MWF,13:00,13:50
DANCE 132,01,TuTh,08:00,09:15
DANCE 133,01,MWF,12:00,12:50
DANCE 134,01,MWF,11:00,11:50
DANCE 135,01,TuTh,12:30,13:45
DANCE 136,01,TuTh,12:30,13:45
DANCE 136,01,TuTh,14:00,15:15
DANCE 232,01,TuTh,09:30,10:45
DANCE 233,01,MWF,10:00,10:50
DANCE 234,01,MW,16:00,17:15
DANCE 325,01,MWF,11:00,11:50
DANCE 325,01L,MWF,12:00,12:50
DANCE 330,01,TuTh,11:00,12:15
ECHD 101G,01,TuTh,02:00,15:50
ECHD 201,01,MWF,12:00,12:50
ECHD 201,03,W,16:00,18:45
ECHD 201,01,TuTh,16:00,17:15
ECHD 201,02,Th,16:00,18:45
ECHD 208,01,MW,19:00,20:15
ECHD 211,01,MW,16:00,17:15
ECHD 211,02,TuTh,09:30,10:45
ECHD 211,01,TuTh,09:30,10:45
ECHD 211,02,Tu,16:00,18:45
ECHD 221,01,MWF,09:00,09:50
ECHD 221,02,Tu,16:00,18:45
ECHD 221,01,TuTh,12:30,13:45
ECHD 221,02,TuTh,09:30,10:45
ECHD 250G,01,TuTh,14:00,15:15
ECHD 290,02,M,16:00,18:45
ECHD 290,01,M,16:00,18:45
ECHD 290,03,M,16:00,18:45
ECHD 290,04,M,16:00,18:45
ECHD 317,01,Tu,16:00,18:45
ECHD 317,02,MW,11:00,12:50
ECHD 317,02,TuTh,11:00,12:15
ECHD 420,01,Tu,16:00,18:45
ECHD 422,02,M,16:00,18:45
ECHD 422,01,Tu,16:00,18:45
ECHD 430,01,Th,16:00,18:45
ECHD 435,02,Tu,16:00,18:45
ECHD 435,02,TuTh,12:30,13:45
ECHD 440,01,Tu,16:00,18:45
ECHD 440,02,TuTh,11:00,12:15
ECHD 440,01,W,16:00,18:45
ECHD 440,02,TuTh,14:00,15:15
ECHD 441,01,TuTh,11:00,12:15
ECHD 441,02,Th,16:00,18:45
ECHD 441,01,W,16:00,18:45
ECHD 441,02,TuTh,11:00,12:15
ECHD 450,01,Th,16:00,18:45
ECHD 453,01,W,19:00,21:45
ECHD 459,01,W,19:00,21:45
ECHD 466,01,W,16:00,18:45
ECHD 490,01,W,16:00,18:45
ECHD 490,02,W,16:00,18:45
ECHD 490,03,W,16:00,18:45
ECHD 490,01,M,19:00,21:45
ECHD 490,02,M,19:00,21:45
ECHD 493,01,Th,19:00,21:45
ECHD 493,02,Th,19:00,21:45
ECHD 493,03,Th,19:00,21:45
ECHD 493,04,Th,19:00,21:45
ECHD 493,02,Th,07:00,20:00
ECHD 493,03,Th,07:00,20:00
ECHD 493,04,Th,07:00,20:00
ECHD 493,05,Th,07:00,20:00
ECHD 493,06,Th,07:00,20:00
ECHD 493,07,Th,07:00,20:00
ECHD 493,08,Th,07:00,20:00
ECHD 494,01,M,19:00,21:45
ECHD 494,02,M,19:00,21:45
ECHD 494,03,M,19:00,21:45
ECHD 494,04,M,19:00,21:45
ECHD 494,05,M,19:00,21:45
ECHD 494,06,M,19:00,21:45
ECHD 494,07,M,19:00,21:45
ECHD 497,01,MW,11:30,12:45
ECON 101,01,MW,08:00,09:15
ECON 101,02,TuTh,16:00,17:15
ECON 101,03,MW,16:00,17:15
ECON 101,04,TuTh,08:00,09:15
ECON 101,05,MW,09:30,10:45
ECON 101,06,TuTh,12:30,13:45
ECON 101,11,TuTh,09:30,10:45
ECON 101,12,TuTh,14:00,15:15
ECON 101,81,MW,08:00,09:15
ECON 101,82,TuTh,16:00,17:15
ECON 101,86,TuTh,12:30,13:45
ECON 101,01,MW,16:00,17:15
ECON 101,03,TuTh,11:00,12:15
ECON 101,04,TuTh,14:00,15:15
ECON 101,05,TuTh,11:00,12:15
ECON 101,06,TuTh,16:00,17:15
ECON 101,07,TuTh,12:30,13:45
ECON 102,01,MW,14:30,15:45
ECON 102,02,TuTh,09:30,10:45
ECON 102,03,TuTh,14:00,15:15
ECON 102,04,MW,17:30,18:45
ECON 102,05,Tu,17:30,20:15
ECON 102,06,MW,19:00,20:15
ECON 102,09,F,08:00,10:45
ECON 102,02,TuTh,14:00,15:15
ECON 102,03,TuTh,08:00,09:15
ECON 102,04,TuTh,09:30,10:45
ECON 102,05,F,08:00,10:45
ECON 102,06,MW,09:30,10:45
ECON 102,07,TuTh,20:30,21:45
ECON 102,10,TuTh,19:00,20:15
ECON 110G,01,W|MW,15:00,15:50
ECON 110G,01,MW,13:00,15:45
ECON 201,01,TuTh,09:30,10:45
ECON 201,02,MW,14:30,15:45
ECON 201,01,MW,14:30,15:45
ECON 201,02,TuTh,09:30,10:45
ECON 202,01,TuTh,14:00,15:15
ECON 202,01,M,16:00,18:45
ECON 202,02,TuTh,14:00,15:15
ECON 205,02,TuTh,08:00,09:15
ECON 205,03,TuTh,09:30,10:45
ECON 205,04,MW,09:30,10:45
ECON 205,01,MW,08:00,09:15
ECON 205,02,TuTh,11:00,12:15
ECON 205,03,TuTh,08:00,09:15
ECON 212G,01,TuTh,17:30,18:45
ECON 214GL,01,TuTh,16:00,17:15
ECON 214GL,01,MW,16:00,17:15
ECON 305,02,MW,08:00,09:15
ECON 310,01,F,13:00,15:45
ECON 318,01,TuTh,11:00,12:15
ECON 331,01,F,08:00,10:45
ECON 334,01,F,13:00,15:45
ECON 334,02,TuTh,08:00,09:15
ECON 335,01,MWF,10:00,10:50
ECON 335,01,MW,17:30,18:45
ECON 336,01,TuTh,12:30,13:45
ECON 336,02,W,17:30,20:15
ECON 336,01,TuTh,14:00,15:15
ECON 337,01,MWF,12:00,12:50
ECON 339,01,TuTh,19:00,20:15
ECON 343,01,MW,13:00,14:15
ECON 345L,01,Tu,17:30,20:15
ECON 345L,01,Th,17:30,20:15
ECON 370,01,W,16:00,18:45
ECON 370,02,TuTh,09:30,10:45
ECON 370,03,Tu,16:00,18:45
ECON 385,01,MW,09:30,10:45
ECON 390,01,TuTh,11:00,12:15
ECON 390,01,TuTh,16:00,17:15
ECON 391,01,Th,17:30,20:15
ECON 395,01,M,17:30,20:15
ECON 396,01,MW,13:00,14:15
ECON 407,01,MW,13:00,14:15
ECON 407,01,Th,17:30,20:15
ECON 413,01,TuTh,14:00,15:15
ECON 413,01,MW,13:00,14:15
ECON 452,01,TuTh,12:30,13:45
ECON 452,01L,Th,14:00,14:50
EDC%20U u,01,Tu,16:00,18:45
EDC%20U u,01,M,16:00,18:45
EDC%20U u,01,Th,16:00,18:45
EDC%20U u,01,TuTh,12:30,13:45
EDC%20U u,01,TuTh,16:00,17:15
EDC%20U u,01,MW,14:00,15:15
EDC%20U u,01,MW,13:00,14:15
EDC%20U u,02,W|,16:00,18:45
EDC%20U u,01,W,19:00,21:45
EDC%20U u,02,W,16:00,18:45
EDC%20U u,01,Tu,19:00,21:45
EDC%20U u,02,Th,19:00,21:45
EDC%20U u,03,Tu,16:00,18:45
EDC%20U u,02,Th,16:00,18:45
EDC%20U u,01,M,19:00,21:45
EDC%20U u,01,W,16:00,18:45
EDC%20U u,03,W,16:00,18:45
EHS 120,01,MW,09:30,10:45
EHS 120,01,MWF,12:00,12:50
EHS 150,01,F,08:00,10:45
EHS 150,01,TuTh,08:00,09:15
EHS 160,01,MW,08:00,09:15
EHS 160,01,TuTh,11:00,12:15
EHS 230,01,MWF,10:00,10:50
EHS 230,02,MWF,11:00,11:50
EHS 230,03,TuTh,14:00,15:15
EHS 230,01,MWF,08:00,08:50
EHS 230,02,MWF,10:00,10:50
EHS 240,01,MW,08:00,09:15
EHS 250,01,F,08:00,10:45
EHS 260,01,MWF,11:00,11:50
EHS 260,02,TuTh,12:30,13:45
EHS 260,01,TuTh,09:30,10:45
EHS 280,01,MWF,13:00,13:50
EHS 297,01,F,08:00,10:45
EHS 300,01,TuTh,11:00,12:15
EHS 300,01L,W,08:00,09:50
EHS 300,02L,W,10:00,11:50
EHS 300,03L,W,12:00,13:50
EHS 300,04L,W,02:00,15:50
EHS 300,05L,W,04:00,17:50
EHS 300,01,TuTh,12:30,13:45
EHS 310,01,MW,09:30,10:45
EHS 310,01,MWF,15:00,15:50
EHS 320,01,TuTh,09:30,10:45
EHS 345,01,MWF,10:00,10:50
EHS 345,02,MWF,12:00,12:50
EHS 345,01,MWF,09:00,09:50
EHS 345,02,MWF,11:00,11:50
EHS 365,01,TuTh,11:00,12:15
EHS 370,01,TuTh,11:00,12:15
EHS 370,01,MWF,13:00,13:50
EHS 385,01,TuTh,12:30,13:45
EHS 385,01,TuTh,09:30,10:45
EHS 400,01,MWF,12:00,12:50
EHS 410,01,MWF,09:00,09:50
EHS 420,01,TuTh,14:00,15:15
EHS 440,01,MW,08:00,09:15
EHS 490,01,M,16:00,18:45
EHS 491,01,M,16:00,18:45
ENGIN 103,01,MW,11:30,12:45
ENGIN 103,01,TuTh,14:00,15:15
ENGIN 104,01,MW,10:00,11:15
ENGIN 104,02,TuTh,12:30,13:45
ENGIN 104,03,MW,15:00,16:15
ENGIN 104,01,TuTh,12:30,13:45
ENGIN 211L,01,MW,14:30,15:45
ENGIN 211L,01,MW,11:00,12:15
ENGIN 231,01,TuTh,12:30,13:45
ENGIN 231,01,MW,09:30,10:45
ENGIN 232,01,TuTh,09:30,10:45
ENGIN 241,01,MW,09:30,10:45
ENGIN 241,01L,Th,11:00,13:45
ENGIN 246,01,TuTh,14:00,15:15
ENGIN 271,01L,Tu,09:30,12:00
ENGIN 271,02L,W,09:30,12:00
ENGIN 271,01L,M,02:30,17:00
ENGIN 272,01L,Th,11:00,13:30
ENGIN 272,01,Tu,11:00,13:30
ENGIN 304,01,TuTh,09:30,10:45
ENGIN 321,01,TuTh,12:30,13:45
ENGIN 322,01,MW,13:00,14:15
ENGIN 331,01,MW,11:00,12:15
ENGIN 341,01,TuTh,12:30,13:45
ENGIN 342,01,TuTh,09:30,10:45
ENGIN 346,01,TuTh,11:00,12:15
ENGIN 351,01,MW,12:30,13:45
ENGIN 365,01,MW,16:00,17:15
ENGIN 365,01L,F,09:00,13:00
ENGIN 365,03L,F,01:00,17:00
ENGIN 366,01,MW,14:30,15:45
ENGIN 366,01L,F,01:00,17:00
ENGIN 435,01,MW,14:00,15:15
ENGIN 442,01,MW,09:30,10:45
ENGIN 448,01,TuTh,09:30,10:45
ENGIN 451,01,MW,16:00,17:15
ENGIN 471,01,MW,09:30,10:45
ENGIN 480,01,MW,17:00,18:15
ENGIN 480,02,TuTh,12:30,13:45
ENGIN 480,03,MW,16:00,17:15
ENGIN 491,01,TuTh,14:00,15:15
ENGIN 492,01,TuTh,15:30,16:45
ENGL 101,01,TuTh,12:30,13:45
ENGL 101,02,MW,16:00,17:15
ENGL 101,04,MWF,13:00,13:50
ENGL 101,05,MWF,08:00,08:50
ENGL 101,06,MWF,08:00,08:50
ENGL 101,07,MWF,08:00,08:50
ENGL 101,08,MWF,08:00,08:50
ENGL 101,09,TuTh,08:00,09:15
ENGL 101,101,TuTh,14:00,15:15
ENGL 101,102,TuTh,14:00,15:15
ENGL 101,103,TuTh,14:00,15:15
ENGL 101,104,TuTh,12:30,13:45
ENGL 101,105,TuTh,08:00,09:15
ENGL 101,106,TuTh,16:00,17:15
ENGL 101,107,TuTh,16:00,17:15
ENGL 101,11,MWF,09:00,09:50
ENGL 101,111,MWF,09:00,09:50
ENGL 101,113,MWF,13:00,13:50
ENGL 101,114,MWF,10:00,10:50
ENGL 101,116,TuTh,09:30,10:45
ENGL 101,117,TuTh,12:30,13:45
ENGL 101,119,MWF,11:00,11:50
ENGL 101,12,MWF,09:00,09:50
ENGL 101,120,MWF,12:00,12:50
ENGL 101,121,TuTh,09:30,10:45
ENGL 101,122,TuTh,12:30,13:45
ENGL 101,123,MWF,08:00,08:50
ENGL 101,124,TuTh,14:00,15:15
ENGL 101,125,MWF,10:00,10:50
ENGL 101,126,MWF,10:00,10:50
ENGL 101,128,MWF,10:00,10:50
ENGL 101,129,MWF,11:00,11:50
ENGL 101,13,MWF,09:00,09:50
ENGL 101,131,TuTh,09:30,10:45
ENGL 101,132,MWF,11:00,11:50
ENGL 101,133,TuTh,12:30,13:45
ENGL 101,134,TuTh,09:30,10:45
ENGL 101,135,TuTh,08:00,09:15
ENGL 101,136,TuTh,08:00,09:15
ENGL 101,137,MWF,13:00,13:50
ENGL 101,138,TuTh,12:30,13:45
ENGL 101,139,MWF,09:00,09:50
ENGL 101,14,TuTh,11:00,12:15
ENGL 101,140,TuTh,14:00,15:15
ENGL 101,141,MWF,15:00,15:50
ENGL 101,143,MWF,11:00,11:50
ENGL 101,15,MWF,09:00,09:50
ENGL 101,16,MWF,09:00,09:50
ENGL 101,17,TuTh,11:00,12:15
ENGL 101,18,MWF,09:00,09:50
ENGL 101,19,MWF,10:00,10:50
ENGL 101,20,MWF,10:00,10:50
ENGL 101,202,Sa,08:15,11:15
ENGL 101,21,MWF,10:00,10:50
ENGL 101,23,MWF,10:00,10:50
ENGL 101,24,MWF,10:00,10:50
ENGL 101,26,MWF,13:00,13:50
ENGL 101,27,MWF,11:00,11:50
ENGL 101,28,MWF,13:00,13:50
ENGL 101,29,MWF,11:00,11:50
ENGL 101,32,MWF,12:00,12:50
ENGL 101,33,MWF,12:00,12:50
ENGL 101,34,MWF,12:00,12:50
ENGL 101,36,MWF,12:00,12:50
ENGL 101,37,MWF,12:00,12:50
ENGL 101,38,MWF,13:00,13:50
ENGL 101,39,MWF,13:00,13:50
ENGL 101,40,MWF,10:00,10:50
ENGL 101,41,MWF,13:00,13:50
ENGL 101,43,TuTh,11:00,12:15
ENGL 101,44,MWF,14:00,14:50
ENGL 101,45,MWF,14:00,14:50
ENGL 101,46,MWF,14:00,14:50
ENGL 101,48,TuTh,08:00,09:15
ENGL 101,49,TuTh,08:00,09:15
ENGL 101,50,TuTh,08:00,09:15
ENGL 101,51,TuTh,11:00,12:15
ENGL 101,52,TuTh,16:00,17:15
ENGL 101,53,TuTh,11:00,12:15
ENGL 101,55,TuTh,09:30,10:45
ENGL 101,56,TuTh,12:30,13:45
ENGL 101,57,TuTh,08:00,09:15
ENGL 101,58,TuTh,17:30,18:45
ENGL 101,59,TuTh,14:00,15:15
ENGL 101,65,TuTh,11:00,12:15
ENGL 101,68,TuTh,11:00,12:15
ENGL 101,70H,TuTh,12:30,13:45
ENGL 101,71H,TuTh,14:00,15:15
ENGL 101,73H,MWF,11:00,11:50
ENGL 101,74H,MWF,12:00,12:50
ENGL 101,77H,TuTh,09:30,10:45
ENGL 101,80,TuTh,14:00,15:15
ENGL 101,81,TuTh,11:00,12:15
ENGL 101,82,TuTh,08:00,09:15
ENGL 101,83,MWF,09:00,09:50
ENGL 101,84,TuTh,12:30,13:45
ENGL 101,85,TuTh,12:30,13:45
ENGL 101,86,TuTh,12:30,13:45
ENGL 101,87,TuTh,12:30,13:45
ENGL 101,88,TuTh,14:00,15:15
ENGL 101,89,TuTh,14:00,15:15
ENGL 101,90E,MWF,14:00,14:50
ENGL 101,91E,MWF,12:00,12:50
ENGL 101,92E,TuTh,09:30,10:45
ENGL 101,93E,MWF,13:00,13:50
ENGL 101,94E,TuTh,11:00,12:15
ENGL 101,95E,MWF,10:00,10:50
ENGL 101,96E,TuTh,09:30,10:45
ENGL 101,97E,MWF,11:00,11:50
ENGL 101,98E,TuTh,12:30,13:45
ENGL 101,99E,TuTh,12:30,13:45
ENGL 101,01,MWF,08:00,08:50
ENGL 101,02,MWF,09:00,09:50
ENGL 101,03,MWF,10:00,10:50
ENGL 101,04,MWF,12:00,12:50
ENGL 101,05,MWF,13:00,13:50
ENGL 101,06,TuTh,09:30,10:45
ENGL 101,07,TuTh,08:00,09:15
ENGL 101,08,TuTh,09:30,10:45
ENGL 101,09,TuTh,11:00,12:15
ENGL 101,10,TuTh,12:30,13:45
ENGL 101,11,Sa,11:45,14:45
ENGL 101,12,TuTh,12:30,13:45
ENGL 101,13,MWF,11:00,11:50
ENGL 101,14,TuTh,16:00,17:15
ENGL 101,15,TuTh,09:30,10:45
ENGL 101,16,MWF,12:00,12:50
ENGL 101,17,TuTh,08:00,09:15
ENGL 101,18,TuTh,11:00,12:15
ENGL 101,19,MWF,13:00,13:50
ENGL 101,20,MWF,14:00,14:50
ENGL 101,21,TuTh,08:00,09:15
ENGL 101,23,TuTh,11:00,12:15
ENGL 101,24,TuTh,12:30,13:45
ENGL 101,25,TuTh,14:00,15:15
ENGL 101,26,TuTh,08:00,09:15
ENGL 101,90E,TuTh,09:30,10:45
ENGL 101,91E,TuTh,12:30,13:45
ENGL 101,92E,TuTh,14:00,15:15
ENGL 102,01,TuTh,11:00,12:15
ENGL 102,02,MWF,09:00,09:50
ENGL 102,03,TuTh,12:30,13:45
ENGL 102,04,MWF,10:00,10:50
ENGL 102,05,TuTh,14:00,15:15
ENGL 102,06,MWF,11:00,11:50
ENGL 102,08,MWF,12:00,12:50
ENGL 102,10,MWF,13:00,13:50
ENGL 102,12,MW,16:00,17:15
ENGL 102,13,TuTh,09:30,10:45
ENGL 102,14,TuTh,08:00,09:15
ENGL 102,15,TuTh,09:30,10:45
ENGL 102,17,TuTh,12:30,13:45
ENGL 102,18,TuTh,14:00,15:15
ENGL 102,20,TuTh,11:00,12:15
ENGL 102,202,Sa,11:45,14:45
ENGL 102,24,MWF,11:00,11:50
ENGL 102,25,MWF,12:00,12:50
ENGL 102,27,TuTh,16:00,17:15
ENGL 102,28,MW,16:00,17:15
ENGL 102,29,MWF,11:00,11:50
ENGL 102,30,MW,17:30,18:45
ENGL 102,31,TuTh,12:30,13:45
ENGL 102,32,TuTh,11:00,12:15
ENGL 102,33,TuTh,08:00,09:15
ENGL 102,34,MWF,13:00,13:50
ENGL 102,37,TuTh,17:30,18:45
ENGL 102,38,MWF,14:00,14:50
ENGL 102,60,TuTh,11:00,12:15
ENGL 102,70H,MWF,10:00,10:50
ENGL 102,71H,MWF,09:00,09:50
ENGL 102,72H,MWF,11:00,11:50
ENGL 102,73H,MWF,13:00,13:50
ENGL 102,90E,TuTh,12:30,13:45
ENGL 102,92E,TuTh,08:00,09:15
ENGL 102,93E,MWF,10:00,10:50
ENGL 102,94E,MWF,12:00,12:50
ENGL 102,01,MWF,08:00,08:50
ENGL 102,02,MWF,08:00,08:50
ENGL 102,03,MWF,08:00,08:50
ENGL 102,04,MWF,12:00,12:50
ENGL 102,05,MWF,08:00,08:50
ENGL 102,06,MWF,08:00,08:50
ENGL 102,07,MWF,11:00,11:50
ENGL 102,08,MWF,11:00,11:50
ENGL 102,09,MWF,09:00,09:50
ENGL 102,10,MWF,09:00,09:50
ENGL 102,100,TuTh,08:00,09:15
ENGL 102,101,MWF,09:00,09:50
ENGL 102,102,MWF,11:00,11:50
ENGL 102,103,MWF,13:00,13:50
ENGL 102,104,TuTh,08:00,09:15
ENGL 102,105,TuTh,12:30,13:45
ENGL 102,106,TuTh,14:00,15:15
ENGL 102,107,TuTh,12:30,13:45
ENGL 102,109,MWF,10:00,10:50
ENGL 102,11,MWF,09:00,09:50
ENGL 102,111,TuTh,09:30,10:45
ENGL 102,112,MWF,12:00,12:50
ENGL 102,113,TuTh,08:00,09:15
ENGL 102,114,TuTh,09:30,10:45
ENGL 102,115,MWF,13:00,13:50
ENGL 102,116,TuTh,09:30,10:45
ENGL 102,117,TuTh,11:00,12:15
ENGL 102,118,TuTh,12:30,13:45
ENGL 102,119,TuTh,14:00,15:15
ENGL 102,12,MWF,09:00,09:50
ENGL 102,120,MWF,10:00,10:50
ENGL 102,121,TuTh,11:00,12:15
ENGL 102,123,MWF,12:00,12:50
ENGL 102,124,MWF,13:00,13:50
ENGL 102,126,MWF,10:00,10:50
ENGL 102,128,TuTh,09:30,10:45
ENGL 102,129,MWF,12:00,12:50
ENGL 102,13,MWF,09:00,09:50
ENGL 102,15,MWF,13:00,13:50
ENGL 102,16,MWF,10:00,10:50
ENGL 102,17,MWF,10:00,10:50
ENGL 102,19,MWF,10:00,10:50
ENGL 102,20,MWF,12:00,12:50
ENGL 102,21,MWF,10:00,10:50
ENGL 102,23,MWF,11:00,11:50
ENGL 102,27,MWF,12:00,12:50
ENGL 102,28,TuTh,09:30,10:45
ENGL 102,29,TuTh,09:30,10:45
ENGL 102,30,TuTh,08:00,09:15
ENGL 102,31,TuTh,11:00,12:15
ENGL 102,32,MWF,11:00,11:50
ENGL 102,33,MWF,13:00,13:50
ENGL 102,35,MWF,14:00,14:50
ENGL 102,36,MWF,13:00,13:50
ENGL 102,37,MWF,12:00,12:50
ENGL 102,39,TuTh,12:30,13:45
ENGL 102,40,TuTh,16:00,17:15
ENGL 102,42,Sa,08:15,11:15
ENGL 102,43,MWF,11:00,11:50
ENGL 102,44,MW,16:00,17:15
ENGL 102,45,MWF,11:00,11:50
ENGL 102,47,TuTh,08:00,09:15
ENGL 102,48,TuTh,16:00,17:15
ENGL 102,49,TuTh,08:00,09:15
ENGL 102,50,TuTh,08:00,09:15
ENGL 102,51,MWF,15:00,15:50
ENGL 102,52,TuTh,08:00,09:15
ENGL 102,53,MW,17:30,18:45
ENGL 102,54,TuTh,09:30,10:45
ENGL 102,55,TuTh,09:30,10:45
ENGL 102,56,TuTh,11:00,12:15
ENGL 102,57,TuTh,08:00,09:15
ENGL 102,58,TuTh,11:00,12:15
ENGL 102,59,TuTh,11:00,12:15
ENGL 102,61,TuTh,11:00,12:15
ENGL 102,62,TuTh,11:00,12:15
ENGL 102,63,TuTh,11:00,12:15
ENGL 102,64,TuTh,11:00,12:15
ENGL 102,67,TuTh,11:00,12:15
ENGL 102,68,TuTh,11:00,12:15
ENGL 102,69,TuTh,11:00,12:15
ENGL 102,70H,MWF,12:00,12:50
ENGL 102,71H,TuTh,11:00,12:15
ENGL 102,73H,MWF,09:00,09:50
ENGL 102,80,TuTh,12:30,13:45
ENGL 102,81,TuTh,12:30,13:45
ENGL 102,82,TuTh,14:00,15:15
ENGL 102,83,TuTh,14:00,15:15
ENGL 102,84,TuTh,14:00,15:15
ENGL 102,85,TuTh,12:30,13:45
ENGL 102,86,TuTh,14:00,15:15
ENGL 102,88,TuTh,17:30,18:45
ENGL 102,89,TuTh,09:30,10:45
ENGL 102,91E,TuTh,12:30,13:45
ENGL 102,92E,MWF,10:00,10:50
ENGL 102,93E,TuTh,11:00,12:15
ENGL 102,94E,TuTh,09:30,10:45
ENGL 102,95E,MWF,09:00,09:50
ENGL 102,96E,MWF,11:00,11:50
ENGL 110,01,TuTh,11:00,12:15
ENGL 111E,01,3.00,12:00,08:00
ENGL 111E,02,3.00,12:00,09:30
ENGL 111E,03,3.00,12:00,13:00
ENGL 111E,02,3.00,12:00,11:00
ENGL 124,01,MW,13:00,13:50
ENGL 124,01D,F,13:00,13:50
ENGL 124,02D,F,13:00,13:50
ENGL 124,03D,F,13:00,13:50
ENGL 125G,01,M|MWF,08:00,08:50
ENGL 126,01,MW,11:00,11:50
ENGL 126,01D,F,11:00,11:50
ENGL 126,02D,F,11:00,11:50
ENGL 126,03D,F,11:00,11:50
ENGL 126G,01,TuTh,02:00,15:40
ENGL 126G,02,TuTh,02:00,15:40
ENGL 127G,01,MW,02:00,15:50
ENGL 127G,02,MWF|M,11:00,11:50
ENGL 127G,01,MWF|M,13:00,13:50
ENGL 135,01,MW,11:00,11:50
ENGL 135,01D,F,11:00,11:50
ENGL 135,02D,F,11:00,11:50
ENGL 135,03D,F,11:00,11:50
ENGL 181G,01,TuTh|Tu,16:00,17:15
ENGL 181G,01,MW,04:00,17:40
ENGL 183G,01,TuTh|Th,12:30,13:45
ENGL 183G,02,TuTh,02:00,15:40
ENGL 183G,01,TuTh,02:00,15:40
ENGL 185G,01,MW,04:00,17:40
ENGL 186G,01,MWF|F,12:00,12:50
ENGL 187G,01,TuTh,08:00,09:40
ENGL 200,01,MWF,10:00,10:50
ENGL 200,02,MWF,09:00,09:50
ENGL 200,03,TuTh,11:00,12:15
ENGL 200,04,TuTh,09:30,10:45
ENGL 200,06,TuTh,09:30,10:45
ENGL 200,11,TuTh,14:00,15:15
ENGL 200,01,MWF,09:00,09:50
ENGL 200,02,MWF,12:00,12:50
ENGL 200,03,TuTh,14:00,15:15
ENGL 200,04,TuTh,11:00,12:15
ENGL 201,01,MW,13:00,14:15
ENGL 201,02,TuTh,12:30,13:45
ENGL 201,03,MW,14:30,15:45
ENGL 201,01,TuTh,09:30,10:45
ENGL 201,02,TuTh,14:00,15:15
ENGL 201,04,MW,09:30,10:45
ENGL 202,01,TuTh,12:30,13:45
ENGL 202,02,TuTh,11:00,12:15
ENGL 202,03,MW,16:00,17:15
ENGL 202,02,MW,13:00,14:15
ENGL 202,03,TuTh,09:30,10:45
ENGL 202,04,TuTh,09:30,10:45
ENGL 202,05,TuTh,09:30,10:45
ENGL 202,06,TuTh,09:30,10:45
ENGL 202,07,TuTh,09:30,10:45
ENGL 202,08,TuTh,09:30,10:45
ENGL 202,09,TuTh,12:30,13:45
ENGL 202,10,TuTh,09:30,10:45
ENGL 202,11,TuTh,14:00,15:15
ENGL 203,01,MW,09:30,10:45
ENGL 204,01,TuTh,09:30,10:45
ENGL 210,01,MW,08:00,09:15
ENGL 210,02,F,13:00,15:45
ENGL 210,03,MWF,11:00,11:50
ENGL 210,04,TuTh,08:00,09:15
ENGL 210,05,MWF,10:00,10:50
ENGL 210,06,F,08:00,10:45
ENGL 210,07,MWF,12:00,12:50
ENGL 210,08,MW,16:00,17:15
ENGL 210,09,MWF,14:00,14:50
ENGL 210,10,MWF,09:00,09:50
ENGL 210,01,MWF,09:00,09:50
ENGL 210,02,MWF,11:00,11:50
ENGL 210,03,MW,08:00,09:15
ENGL 210,04,F,08:00,10:45
ENGL 210,05,TuTh,09:30,10:45
ENGL 210,06,TuTh,08:00,09:15
ENGL 210,07,MWF,14:00,14:50
ENGL 210,08,TuTh,11:00,12:15
ENGL 210,09,MWF,10:00,10:50
ENGL 210,10,F,13:00,15:45
ENGL 211,01,TuTh,14:00,15:15
ENGL 211,01,MWF,12:00,12:50
ENGL 212,01,MWF,10:00,10:50
ENGL 212,01,TuTh,16:00,17:15
ENGL 216,01,MWF,13:00,13:50
ENGL 223L,01,TuTh,14:00,15:15
ENGL 225,01,F,08:00,10:45
ENGL 236,01,TuTh,11:00,12:15
ENGL 258L,01,MWF,12:00,12:50
ENGL 262G,01,F,13:00,15:45
ENGL 262G,02,MWF,11:00,11:50
ENGL 262G,03,TuTh,08:00,09:15
ENGL 262G,04,MWF,09:00,09:50
ENGL 262G,08,MW,16:00,17:15
ENGL 262G,01,MWF,12:00,12:50
ENGL 262G,02,MW,08:00,09:15
ENGL 262G,03,TuTh,14:00,15:15
ENGL 262G,05,MWF,14:00,14:50
ENGL 268,01,TuTh,11:00,12:15
ENGL 272G,01,MWF,08:00,08:50
ENGL 272G,01,F,13:00,15:45
ENGL 273G,01,MWF,13:00,13:50
ENGL 273G,02,TuTh,16:00,17:15
ENGL 273G,03,MW,08:00,09:15
ENGL 273G,04,F,13:00,15:45
ENGL 273G,01,TuTh,09:30,10:45
ENGL 273G,02,MWF,09:00,09:50
ENGL 273G,03,TuTh,08:00,09:15
ENGL 274G,01,MWF,11:00,11:50
ENGL 274G,02,MWF,12:00,12:50
ENGL 274G,01,MWF,10:00,10:50
ENGL 284,01,Tu,16:00,18:45
ENGL 285,01,Tu,16:00,18:45
ENGL 293L,01,TuTh,12:30,13:45
ENGL 293L,01,TuTh,11:00,12:15
ENGL 300,01,TuTh,14:00,15:15
ENGL 301,01,Th,16:00,18:45
ENGL 301,01,W,16:00,18:45
ENGL 302,01,Th,16:00,18:45
ENGL 306,01,MWF,10:00,10:50
ENGL 307,01,MWF,11:00,11:50
ENGL 308,01,TuTh,09:30,10:45
ENGL 320,01,MWF,10:00,10:50
ENGL 326,01,MWF,11:00,11:50
ENGL 328,01,MWF,12:00,12:50
ENGL 332,01,MWF,10:00,10:50
ENGL 334,01,MW,14:30,15:45
ENGL 335,01,TuTh,09:30,10:45
ENGL 341L,01,MW,12:00,13:45
ENGL 351,01,TuTh,11:00,12:15
ENGL 352L,01,TuTh,12:30,13:45
ENGL 354,01,MW,13:00,14:15
ENGL 369,01,TuTh,14:00,15:15
ENGL 378,01,TuTh,09:30,10:45
ENGL 379,01,TuTh,12:30,13:45
ENGL 382,01,MW,09:30,10:45
ENGL 383,01,TuTh,12:30,13:45
ENGL 410,01,MW,13:00,14:15
ENGL 415,01,MW,13:00,14:15
ENGL 440,01,TuTh,14:00,15:15
ENGL 444,01,MW,14:30,15:45
ENGL 448,01,TuTh,11:00,12:15
ENGL 451,01,Tu,16:00,18:45
ENGL 457,02,M,11:00,11:50
ENGL 457,03,W,13:00,13:50
ENGL 459,01,Tu,16:00,18:45
ENGL 465,01,MW,14:30,15:45
ENGL 465,01,MW,09:30,10:45
ENGL 466,01,TuTh,12:30,13:45
ENGL 470L,01,TuTh,11:00,12:15
ENGL 496,01,Th,16:00,18:45
ENGL 496,02,Th,16:00,18:45
ENGL 496,01,W,16:00,18:45
ENGL 498,01,W,16:00,18:45
ENVSCI 102,01,MWF,11:00,11:50
ENVSCI 102,02,MW,13:00,14:15
ENVSCI 104,01,MWF,09:00,09:50
ENVSCI 105,01,MWF,10:00,10:50
ENVSCI 116L,01,MWF,15:00,15:50
ENVSCI 120,01,TuTh,11:00,12:15
ENVSCI 121,01L,Tu,01:00,15:50
ENVSCI 121,02L,W,09:00,11:50
ENVSCI 121,03L,W,01:00,15:50
ENVSCI 121,04L,Th,01:00,15:50
ENVSCI 122,01,TuTh,14:00,15:15
ENVSCI 150L,01,TuTh,09:30,10:45
ENVSCI 179G,01,MW,01:00,14:50
ENVSCI 188S,01,F,10:00,11:50
ENVSCI 210,01,TuTh,09:30,10:45
ENVSCI 210,01L,Th,01:00,15:50
ENVSCI 210,02L,F,01:00,15:50
ENVSCI 214GL,01,TuTh,16:00,17:15
ENVSCI 214GL,01,MW,16:00,17:15
ENVSCI 225,01,TuTh,12:30,13:45
ENVSCI 226,01,TuTh,12:30,13:45
ENVSCI 260,01,MWF,11:00,11:50
ENVSCI 261,01,MWF,12:00,12:50
ENVSCI 267L,01,MWF,10:00,10:50
ENVSCI 270,01,TuTh,11:00,12:15
ENVSCI 280,01,TuTh,14:00,15:15
ENVSCI 281,01,M,16:00,18:45
ENVSCI 281,01L,W,16:00,18:45
ENVSCI 281,01,Tu,02:00,16:50
ENVSCI 281,01L,Th,02:00,16:50
ENVSCI 305,01,TuTh,11:00,12:15
ENVSCI 315L,01,TuTh,16:00,17:15
ENVSCI 318,01,TuTh,16:00,17:15
ENVSCI 325,01,MW,16:00,17:15
ENVSCI 336L,01,Tu,06:00,21:00
ENVSCI 340L,01,MW,13:00,14:15
ENVSCI 345L,01,Tu,17:30,20:15
ENVSCI 345L,01,Th,17:30,20:15
ENVSCI 368,01,MW,13:00,14:15
ENVSCI 372,01,F,13:00,15:45
ENVSCI 381,01,M,10:00,11:50
ENVSCI 381,01L,W,10:00,11:50
ENVSCI 383,01,Th,06:00,21:00
ENVSCI 405,01,TuTh,09:30,10:45
ENVSCI 440,01,MW,14:30,15:45
ENVSCI 470,01,MW,14:30,15:45
ENVSCI 476,01,TuTh,12:30,13:45
ENVSCI 476,02,TuTh,14:00,15:15
ENVSCI 480,01,W,17:30,20:15
ENVSTY 101,01,MW,16:00,17:15
ENVSTY 101,03,TuTh,14:00,15:15
ENVSTY 101,04,TuTh,11:00,12:15
ENVSTY 101,01,Tu,16:00,18:45
ENVSTY 101,03,TuTh,11:00,12:15
ENVSTY 116L,01,TuTh,16:00,17:15
ENVSTY 120L,01,MWF,10:00,10:50
ENVSTY 120L,02,MWF,11:00,11:50
ENVSTY 150L,01,TuTh,09:30,10:45
ENVSTY 210,01,M,16:00,16:50
ENVSTY 222L,01,TuTh,17:30,18:45
ENVSTY 230,01,MW,14:30,15:45
ENVSTY 310,01,M,17:30,18:45
ENVSTY 345L,01,MW,13:00,14:15
ENVSTY 345L,01,TuTh,11:00,12:15
ENVSTY 364L,01,MW,16:00,17:15
ENVSTY 401,01,TuTh,12:30,13:45
ENVSTY 410,01,M,19:00,20:15
ENVSTY 481L,01,M,17:30,20:15
FOUN 100,01,Tu,09:30,10:20
FOUN 100,02,Tu,14:00,14:50
FOUN 100,03,W,11:00,11:50
FOUN 100,04,W,14:00,14:50
FOUN 100,05,Th,11:00,11:50
FOUN 100,06,F,11:00,11:50
FOUN 100,07,Th,12:30,13:20
FOUN 101,01,W,11:00,11:50
FOUN 101,02,W,13:00,13:50
FOUN 101,02,Th,11:00,11:50
FRENCH 100,01,MWF,09:00,10:50
FRENCH 101,01,MWF,08:00,08:50
FRENCH 101,02,MWF,10:00,10:50
FRENCH 101,03,MWF,14:00,14:50
FRENCH 101,04,TuTh,12:30,13:45
FRENCH 101,05,TuTh,14:00,15:15
FRENCH 101,06,TuTh,11:00,12:15
FRENCH 101,201,Sa,08:15,11:15
FRENCH 102,01,MWF,11:00,11:50
FRENCH 102,02,MWF,12:00,12:50
FRENCH 102,03,TuTh,09:30,10:45
FRENCH 201,01,MWF,12:00,12:50
FRENCH 201,02,TuTh,11:00,12:15
FRENCH 202,01,TuTh,11:00,12:15
FRENCH 301,01,TuTh,14:00,15:15
FRENCH 303,01,TuTh,12:30,13:45
FRENCH 304,01,MWF,14:00,14:50
FRENCH 345L,01,MW,11:00,12:15
FRENCH 355L,01,TuTh,11:00,12:15
FRENCH 480,01,TuTh,12:30,13:45
GERMAN 101,02,TuTh,12:30,13:45
GERMAN 102,01,MWF,13:00,13:50
GERMAN 200,01,MWF,09:00,10:50
GERMAN 255L,01,TuTh,11:00,12:15
GERMAN 345L,01,MW,11:00,12:15
GERMAN 355L,01,TuTh,11:00,12:15
GERON 150,01,M|,07:00,21:00
GERON 150,01,M|,05:00,19:00
GERON 160,01,M|,01:00,15:00
GERON 170,01,Tu|,01:00,15:00
GERON 180,01,W|,10:00,12:00
GERON 180,01,Th|,07:00,21:00
GERON 190,01,Tu|,07:00,21:00
GERON 240,01,W|,07:00,21:00
GERON 250,01,Tu|,10:00,12:00
GERON 260,01,Th|,07:00,21:00
GERON 260,01,W|,07:00,21:00
GERON 280,01,M|,07:00,21:00
GERON 325,01,Th|,10:00,12:00
GERON 342L,01,W|,05:00,19:00
GERON 355,01,Th|,01:00,15:00
GERON 370,01,W|,10:00,12:00
GREEK 101,01,MWF,12:00,12:50
GREEK 102,01,MWF,10:00,10:50
GREEK 211,01,MW,08:00,08:50
GREEK 222,02,MW,08:00,09:15
GREEK 310,01,M,17:30,20:15
HIST 101,01,TuTh,11:00,12:15
HIST 101,02,MWF,12:00,12:50
HIST 101,01,MWF,13:00,13:50
HIST 101,02,TuTh,09:30,10:45
HIST 115L,01,MW,14:30,15:45
HIST 115L,01,TuTh,11:00,12:15
HIST 125L,01,MW,13:00,14:15
HIST 150,01,TuTh,12:30,13:45
HIST 155,01,MWF,13:00,13:50
HIST 161L,01,MW,13:00,14:15
HIST 171,01,TuTh,11:00,12:15
HIST 173,01,TuTh,09:30,10:45
HIST 175,01,MWF,12:00,12:50
HIST 175,01,F,13:00,15:45
HIST 186,01,TuTh,12:30,13:45
HIST 186,01,TuTh,16:00,17:15
HIST 210L,01,TuTh,12:30,13:45
HIST 210L,01,TuTh,11:00,12:15
HIST 211,02,MWF,13:00,13:50
HIST 211,01,MWF,14:00,14:50
HIST 212,01,MWF,09:00,09:50
HIST 213,01,MWF,15:00,15:50
HIST 214,01,MWF,15:00,15:50
HIST 214,02,TuTh,16:00,17:15
HIST 214,01,TuTh,14:00,15:15
HIST 230L,01,MWF,13:00,13:50
HIST 251L,01,TuTh,09:30,10:45
HIST 255L,01,MWF,09:00,09:50
HIST 262L,01,MW,14:30,15:45
HIST 263L,01,MW,13:00,14:15
HIST 265,01,TuTh,09:30,10:45
HIST 265,02,TuTh,16:00,17:15
HIST 265,01,MW,14:30,15:45
HIST 266,01,MWF,08:00,08:50
HIST 266,01,MWF,11:00,11:50
HIST 275L,01,TuTh,14:00,15:15
HIST 290G,01,MWF,11:00,11:50
HIST 290G,01,MWF,12:00,12:50
HIST 302L,01,MWF,11:00,11:50
HIST 303L,01,MWF,11:00,11:50
HIST 305,01,MWF,10:00,10:50
HIST 322,01,MWF,11:00,11:50
HIST 324,01,TuTh,08:00,09:15
HIST 326,01,TuTh,14:00,15:15
HIST 330,01,MWF,14:00,14:50
HIST 342,01,Tu,16:00,18:45
HIST 350,01,MWF,10:00,10:50
HIST 357,01,TuTh,08:00,09:15
HIST 361L,01,F,13:00,15:45
HIST 365L,01,TuTh,08:00,09:15
HIST 371,01,MW,16:00,17:15
HIST 375,01,MWF,08:00,08:50
HIST 402L,01,TuTh,11:00,12:15
HIST 478,01,MW,16:00,17:15
HIST 481,01,MW,13:00,14:15
HIST 481,01,TuTh,12:30,13:45
HLTH 201,01,F,11:00,13:50
HLTH 212,01,TuTh,12:30,13:45
HLTH 212,02,TuTh,11:00,12:15
HLTH 212,03,W,18:00,20:45
HLTH 212,04,M,09:00,11:50
HLTH 212,05,W,09:00,11:50
HLTH 212,06,M,18:00,20:45
HLTH 212,01,M,06:00,20:50
HLTH 212,02,M,09:00,11:50
HLTH 212,03,M,16:00,18:45
HLTH 230,01,M,01:00,15:50
HLTH 230,02,W,01:00,15:50
HLTH 230,01,W,01:00,15:50
HONORS 101,01,MW,16:00,17:15
HONORS 101,02,MWF,12:00,12:50
HONORS 101,03,MW,14:30,15:45
HONORS 101,04,TuTh,11:00,12:15
HONORS 101,05,TuTh,12:30,13:45
HONORS 101,06,TuTh,14:00,15:15
HONORS 210G,01,TuTh,09:30,10:45
HONORS 210G,02,TuTh,11:00,12:15
HONORS 210G,01,MWF,11:00,11:50
HONORS 210G,02,TuTh,09:30,10:45
HONORS 291,01,TuTh,16:00,17:15
HONORS 291,01,TuTh,11:00,12:15
HONORS 291,02,MW,14:30,15:45
HONORS 292,01,MWF,12:00,12:50
HONORS 292,02,TuTh,14:00,15:15
HONORS 292,01,TuTh,11:00,12:15
HONORS 292,02,TuTh,16:00,17:15
HONORS 293,01,TuTh,11:00,12:15
HONORS 293,02,TuTh,14:00,15:15
HONORS 293,01,MW,09:30,10:45
HONORS 293,02,TuTh,12:30,13:45
HONORS 294,01,TuTh,12:30,13:45
HONORS 294,02,TuTh,16:00,17:15
HONORS 294,01,TuTh,09:30,10:45
HONORS 294,02,TuTh,14:00,15:15
HONORS 295,01,TuTh,09:30,10:45
HONORS 295,01,TuTh,12:30,13:45
HONORS 380,01,TuTh,11:00,12:15
HONORS 380,02,Tu,12:30,15:15
HONORS 380,03,MW,12:00,13:15
HONORS 380,02,TuTh,14:00,15:15
HONORS 380,03,MW,16:00,17:15
HUMAN 255L,01,TuTh,11:00,12:15
HUMCTR 220,01,TuTh,09:30,10:45
HUMCTR 220,01,Th,19:00,21:45
HUMCTR 230,01,M,16:00,18:45
HUMCTR 230,01,Tu,16:00,18:45
HUMCTR 320,01,Sa,09:00,15:00
HUMCTR 322,01,Th,19:00,21:45
HUMCTR 322,01,TuTh,08:00,09:15
HUMCTR 330,01,TuTh,11:00,12:15
HUMCTR 330,01,TuTh,09:30,10:45
HUMCTR 345,01,Th,16:00,18:45
HUMCTR 345,01,TuTh,14:00,15:15
HUMCTR 371,01,Th,16:00,18:45
HUMCTR 401,01,TuTh,08:00,09:15
HUMCTR 401,01,TuTh,11:00,12:15
HUMCTR 420,01,W,17:30,20:15
HUMCTR 421,01,M,16:00,18:45
HUMCTR 425,01,TuTh,14:00,15:15
HUMCTR 425,01,Th,16:00,18:45
INTR-D 110,01,W,13:00,13:50
INTR-D 110,02,W,15:00,15:50
INTR-D 110,03,Th,14:00,14:50
INTR-D 110,04,M,15:00,15:50
INTR-D 111,01,W,12:00,12:50
INTR-D 111,02,W,15:00,15:50
INTR-D 111,03,Th,14:00,14:50
INTR-D 111,04,M,15:00,15:50
INTR-D 121,03,W,11:00,11:50
INTR-D 121,04,W,11:00,11:50
INTR-D 121,05,Th,09:30,10:45
INTR-D 121,06,Tu,09:30,10:45
INTR-D 135,01,M,14:30,15:45
INTR-D 135,02,F,14:30,15:45
INTR-D 135,03,M,17:30,18:45
INTR-D 135,04,Tu,08:00,09:15
INTR-D 135,05,W,14:30,15:45
INTR-D 135,06,W,17:30,18:45
INTR-D 135,02,Tu,08:00,09:15
INTR-D 135,03,W,14:30,15:45
INTR-D 135,04,W,14:30,15:45
INTR-D 135,05,W,17:30,18:45
INTR-D 135,06,F,14:30,15:45
INTR-D 170,01,Tu,14:00,14:50
INTR-D 170,02,W,11:00,11:50
INTR-D 175,01,M,16:00,16:50
INTR-D 188S,01,MW,13:00,13:50
INTR-D 200G,03,MW,14:30,15:45
INTR-D 280,03,W,12:00,12:50
INTR-D 280,04,W,13:00,13:50
INTR-D 280,05,F,12:00,12:50
IT 110,12,MW,16:00,17:15
IT 110,13,TuTh,14:00,15:15
IT 110,13,TuTh,16:00,17:15
IT 111L,02,MW,14:30,15:45
IT 111L,06,TuTh,11:00,12:15
IT 111L,07,TuTh,12:30,13:45
IT 111L,01,F,09:30,12:15
IT 114L,11,TuTh,14:00,15:15
IT 114L,11,MW,17:30,18:45
IT 116,11,TuTh,14:00,15:15
IT 116,11,TuTh,12:30,13:45
IT 116,12,MW,16:00,17:15
IT 117,11,TuTh,16:00,17:15
IT 220,01,Th,17:30,20:15
IT 221,01,Tu,17:30,20:15
IT 230L,01,Tu,17:30,20:15
IT 230L,01,Th,17:30,20:15
IT 230L,03,W,17:30,20:15
IT 240,01,Tu,17:30,20:15
IT 240,02,MW,14:30,15:45
IT 240,01,TuTh,16:00,17:15
IT 240,02,Tu,17:30,20:15
IT 240,03,Th,17:30,20:15
IT 244,11,TuTh,11:00,12:15
IT 244,12,MW,16:00,17:15
IT 244,11,MW,16:00,17:15
IT 244,12,TuTh,14:00,15:15
IT 246,11,TuTh,16:00,17:15
IT 285L,11,TuTh,12:30,13:45
IT 285L,12,TuTh,16:00,17:15
IT 285L,13,TuTh,17:30,18:45
IT 285L,14,TuTh,11:00,12:15
IT 285L,11,TuTh,16:00,17:15
IT 285L,12,TuTh,12:30,13:45
IT 341,11,MW,17:30,18:45
IT 341,12,TuTh,16:00,17:15
IT 341,12,TuTh,14:00,15:15
IT 341,13,MW,17:30,18:45
IT 360,01,F,09:30,12:15
IT 370,02,Tu,17:30,20:15
IT 420,01,Tu,17:30,20:15
IT 425L,01,MW,16:00,17:15
IT 425L,02,M,17:30,20:15
IT 425L,02,Th,17:30,20:15
IT 428L,01,Th,17:30,20:15
IT 428L,01,Tu,17:30,20:15
IT 442,12,TuTh,17:30,18:45
IT 442,12,TuTh,14:00,15:15
IT 443,11,TuTh,14:00,15:15
IT 443,12,TuTh,16:00,17:15
IT 443,11,TuTh,19:00,20:15
IT 444,11,TuTh,19:00,20:15
IT 444,12,TuTh,17:30,18:45
IT 460,01,Tu,17:30,20:15
IT 461L,01,W,17:30,20:15
IT 461L,01,M,17:30,20:15
IT 471,01,Th,17:30,20:15
IT 471,02,F,13:00,15:45
IT 471,01,M,16:00,18:45
IT 471,02,W,17:30,20:15
IT 480,11,TuTh,16:00,17:15
IT 480,12,TuTh,14:00,15:15
IT 485,11,W,17:30,20:15
IT 485,12,Tu,17:30,20:15
ITAL 101,01,MWF,09:00,09:50
ITAL 101,02,MWF,10:00,10:50
ITAL 101,03,MWF,14:00,14:50
ITAL 101,04,TuTh,08:00,09:15
ITAL 101,05,TuTh,14:00,15:15
ITAL 102,01,TuTh,14:00,15:15
ITAL 102,03,MWF,12:00,12:50
ITAL 267,01,MWF,13:00,13:50
ITAL 268L,01,MWF,14:00,14:50
ITAL 270,01,MWF,13:00,13:50
ITAL 276L,01,MW,10:00,11:50
ITAL 301,01,TuTh,11:00,12:15
ITAL 345L,01,MW,11:00,12:15
ITAL 355L,01,TuTh,11:00,12:15
JAPAN 100,01,MWF,11:00,12:50
JAPAN 101,01,MWF,10:00,10:50
JAPAN 101,02,MWF,11:00,11:50
JAPAN 101,03,MWF,12:00,12:50
JAPAN 101,04,TuTh,09:30,10:45
JAPAN 101,05,TuTh,12:30,13:45
JAPAN 102,01,MWF,10:00,10:50
JAPAN 102,02,MWF,11:00,11:50
JAPAN 102,03,TuTh,09:30,10:45
JAPAN 201,01,MWF,11:00,11:50
JAPAN 201,02,TuTh,11:00,12:15
JAPAN 202,01,TuTh,12:30,13:45
JAPAN 260,01,MW,12:00,13:15
JAPAN 270,01,MWF,13:00,13:50
JAPAN 301,01,MWF,12:00,12:50
JAPAN 302,01,TuTh,11:00,12:15
JAPAN 367L,01,TuTh,16:00,17:15
LABOR 111G,01,TuTh|Th,11:00,12:15
LABOR 111G,02,TuTh|Th,12:30,13:45
LABOR 111G,03,TuTh|Th,14:00,15:15
LABOR 210L,01,TuTh,12:30,13:45
LABOR 210L,01,TuTh,11:00,12:15
LABOR 222G,01,TuTh,16:00,17:15
LABOR 222G,01,TuTh,14:00,15:15
LABOR 250L,01,TuTh,11:00,12:15
LABOR 275L,01,TuTh,14:00,15:15
LABOR 315,01,TuTh,09:30,10:45
LABOR 325,01,Tu,17:30,20:15
LABOR 330,01,TuTh,12:30,13:45
LABOR 335,01,Tu,17:30,20:15
LATAM 101,01,TuTh,11:00,12:15
LATAM 205L,01,M,16:00,18:45
LATAM 255L,01,MWF,09:00,09:50
LATAM 360,01,MWF,11:00,11:50
LATAM 375L,01,MWF,12:00,12:50
LATIN 101,01,MWF,10:00,10:50
LATIN 101,02,MWF,12:00,12:50
LATIN 102,01,MWF,14:00,14:50
LATIN 201,01,TuTh,14:00,15:15
LATIN 202,01,TuTh,08:00,09:15
LATIN 301,01,Tu,17:30,20:15
LATIN 309,01,M,17:30,20:15
LATIN 376,01,W,17:30,20:15
LATSTY 201L,01,TuTh,14:00,15:15
LATSTY 223L,01,TuTh,14:00,15:15
LATSTY 477L,01,TuTh,12:30,13:45
MATH 114QR,01,MWF,09:00,09:50
MATH 114QR,02,MWF,10:00,10:50
MATH 114QR,03,MWF,11:00,11:50
MATH 114QR,04,MWF,12:00,12:50
MATH 114QR,05,MWF,13:00,13:50
MATH 114QR,06,MWF,14:00,14:50
MATH 114QR,07,MW,16:00,17:15
MATH 114QR,08,TuTh,08:00,09:15
MATH 114QR,09,TuTh,09:30,10:45
MATH 114QR,10,TuTh,11:00,12:15
MATH 114QR,11,TuTh,12:30,13:45
MATH 114QR,12,TuTh,16:00,17:15
MATH 114QR,13,TuTh,17:30,18:45
MATH 114QR,01,MWF,10:00,10:50
MATH 114QR,02,MWF,11:00,11:50
MATH 114QR,03,MWF,13:00,13:50
MATH 114QR,04,MWF,14:00,14:50
MATH 114QR,05,MWF,15:00,15:50
MATH 114QR,06,MW,16:00,17:15
MATH 114QR,07,TuTh,09:30,10:45
MATH 114QR,08,TuTh,12:30,13:45
MATH 114QR,09,TuTh,14:00,15:15
MATH 115,01,MWF,08:00,08:50
MATH 115,02,MWF,09:00,09:50
MATH 115,03,MWF,10:00,10:50
MATH 115,04,MWF,11:00,11:50
MATH 115,05,MWF,12:00,12:50
MATH 115,06,MWF,13:00,13:50
MATH 115,07,MWF,14:00,14:50
MATH 115,08,MWF,15:00,15:50
MATH 115,09,MW,16:00,17:15
MATH 115,10,TuTh,08:00,09:15
MATH 115,11,TuTh,09:30,10:45
MATH 115,12,TuTh,11:00,12:15
MATH 115,13,TuTh,12:30,13:45
MATH 115,14,TuTh,14:00,15:15
MATH 115,15,TuTh,16:00,17:15
MATH 115,16,TuTh,17:30,18:45
MATH 115,18,MWF,13:00,13:50
MATH 115,19,TuTh,11:00,12:15
MATH 115,20,TuTh,09:30,10:45
MATH 115,01,MWF,09:00,09:50
MATH 115,02,MWF,10:00,10:50
MATH 115,03,MWF,11:00,11:50
MATH 115,04,MWF,13:00,13:50
MATH 115,05,MWF,14:00,14:50
MATH 115,06,MW,16:00,17:15
MATH 115,07,MW,17:30,18:45
MATH 115,08,TuTh,08:00,09:15
MATH 115,09,TuTh,09:30,10:45
MATH 115,10,TuTh,11:00,12:15
MATH 115,11,TuTh,12:30,13:45
MATH 115,12,TuTh,14:00,15:15
MATH 115,13,TuTh,16:00,17:15
MATH 115,14,TuTh,17:30,18:45
MATH 115,16,TuTh,11:00,12:15
MATH 125,01,MWF,09:00,09:50
MATH 125,02,MWF,10:00,10:50
MATH 125,03,MWF,11:00,11:50
MATH 125,04,MWF,12:00,12:50
MATH 125,05,MWF,13:00,13:50
MATH 125,06,MWF,14:00,14:50
MATH 125,07,TuTh,08:00,09:15
MATH 125,08,TuTh,09:30,10:45
MATH 125,09,TuTh,12:30,13:45
MATH 125,10,TuTh,14:00,15:15
MATH 125,11,TuTh,16:00,17:15
MATH 125,04,MWF,13:00,13:50
MATH 125,05,MWF,14:00,14:50
MATH 125,06,MW,16:00,17:15
MATH 125,12,TuTh,17:30,18:45
MATH 129,01,MWF,13:00,13:50
MATH 130,01,MWF,09:00,09:50
MATH 130,02,MWF,10:00,10:50
MATH 130,03,MWF,11:00,11:50
MATH 130,04,MWF,12:00,12:50
MATH 130,05,MWF,13:00,13:50
MATH 130,06,MWF,14:00,14:50
MATH 130,07,MWF,15:00,15:50
MATH 130,08,MW,16:00,17:15
MATH 130,09,TuTh,08:00,09:15
MATH 130,11,TuTh,11:00,12:15
MATH 130,12,TuTh,12:30,13:45
MATH 130,13,TuTh,16:00,17:15
MATH 130,04,MWF,13:00,13:50
MATH 130,05,MWF,14:00,14:50
MATH 130,06,MWF,15:00,15:50
MATH 130,07,MW,16:00,17:15
MATH 130,08,TuTh,08:00,09:15
MATH 130,09,TuTh,09:30,10:45
MATH 130,10,TuTh,12:30,13:45
MATH 130,11,TuTh,14:00,15:15
MATH 130,12,TuTh,16:00,17:15
MATH 130,13,TuTh,17:30,18:45
MATH 130,15,MWF,13:00,13:50
MATH 130,16,TuTh,12:30,13:45
MATH 130,17,MWF,12:00,12:50
MATH 130R,01,MWF,09:00,09:50
MATH 134,01,MWF,12:00,12:50
MATH 135,01,MWF,10:00,10:50
MATH 135,02,MWF,13:00,13:50
MATH 135,03,TuTh,14:00,15:15
MATH 135,04,TuTh,16:00,17:15
MATH 135,02,MWF,11:00,11:50
MATH 135,03,MWF,13:00,13:50
MATH 135,04,TuTh,14:00,15:15
MATH 135,05,TuTh,16:00,17:15
MATH 135R,01,MWF,10:00,10:50
MATH 135R,02,MWF,11:00,11:50
MATH 135R,03,MWF,13:00,13:50
MATH 135R,04,TuTh,14:00,15:15
MATH 135R,05,TuTh,16:00,17:15
MATH 140,01,M|MWF,08:00,08:50
MATH 140,02,W|MWF,09:00,09:50
MATH 140,03,F|MWF,10:00,10:50
MATH 140,04,M|MWF,12:00,12:50
MATH 140,05,MWF|M,13:00,13:50
MATH 140,06,W|MWF,12:00,12:50
MATH 140,08,F|MWF,12:00,12:50
MATH 140,09,MWF|F,13:00,13:50
MATH 140,10,MW,16:00,17:15
MATH 140,11,Tu|TuTh,08:25,09:15
MATH 140,12,Th|TuTh,09:55,10:45
MATH 140,13,Tu|TuTh,11:25,12:15
MATH 140,14,TuTh,16:00,17:15
MATH 140,16,TuTh|Th,14:00,15:15
MATH 140,17,Th|TuTh,08:25,09:15
MATH 140,18,Th|TuTh,10:00,10:50
MATH 140,01,W|MWF,08:00,08:50
MATH 140,02,MWF|F,10:00,10:50
MATH 140,03,M|MWF,10:00,10:50
MATH 140,07,MWF|W,13:00,13:50
MATH 140,13,TuTh,16:00,17:15
MATH 140R,01,M|MWF,08:00,08:50
MATH 140R,02,W|MWF,09:00,09:50
MATH 140R,03,F|MWF,10:00,10:50
MATH 140R,10,MW,16:00,17:15
MATH 140R,11,Tu|TuTh,08:25,09:15
MATH 140R,12,Th|TuTh,09:55,10:45
MATH 140R,13,Tu|TuTh,11:25,12:15
MATH 140R,14,TuTh,16:00,17:15
MATH 140R,16,TuTh|Th,14:00,15:15
MATH 140R,17,Th|TuTh,08:25,09:15
MATH 140R,18,Th|TuTh,10:00,10:50
MATH 140R,01,W|MWF,08:00,08:50
MATH 140R,02,MWF|F,10:00,10:50
MATH 140R,03,M|MWF,10:00,10:50
MATH 140R,13,TuTh,16:00,17:15
MATH 141,01,F|MWF,09:00,09:50
MATH 141,02,MWF|W,11:00,11:50
MATH 141,03,MW,16:00,17:15
MATH 141,04,TuTh|Th,09:30,10:45
MATH 141,05,TuTh|Tu,12:30,13:45
MATH 141,06,TuTh|Tu,14:00,15:15
MATH 141,01,M|MWF,09:00,09:50
MATH 141,02,W|MWF,10:00,10:50
MATH 141,03,MWF|F,13:00,13:50
MATH 141,04,M|MWF,14:00,14:50
MATH 141,05,MW,16:00,17:15
MATH 141,06,Th|TuTh,08:25,09:15
MATH 141,07,TuTh|Tu,12:30,13:45
MATH 141,08,TuTh,16:00,17:15
MATH 141R,01,F|MWF,09:00,09:50
MATH 141R,02,MWF|W,11:00,11:50
MATH 141R,03,MW,16:00,17:15
MATH 141R,04,TuTh|Th,09:30,10:45
MATH 141R,05,TuTh|Tu,12:30,13:45
MATH 141R,06,TuTh|Tu,14:00,15:15
MATH 141R,01,M|MWF,09:00,09:50
MATH 141R,03,MWF|F,13:00,13:50
MATH 141R,04,M|MWF,14:00,14:50
MATH 141R,05,MW,16:00,17:15
MATH 141R,06,Th|TuTh,08:25,09:15
MATH 141R,07,TuTh|Tu,12:30,13:45
MATH 141R,08,TuTh,16:00,17:15
MATH 240,01,TuTh|Th,12:30,13:45
MATH 240,02,MWF|W,11:00,11:50
MATH 240,01,W|MWF,13:00,13:50
MATH 240,02,TuTh|Th,12:30,13:45
MATH 242,01,TuTh|Th,12:30,13:45
MATH 242,02,MWF|W,11:00,11:50
MATH 242,01,W|MWF,13:00,13:50
MATH 242,02,TuTh|Th,12:30,13:45
MATH 242R,01,TuTh|Th,12:30,13:45
MATH 242R,02,MWF|W,11:00,11:50
MATH 242R,01,W|MWF,13:00,13:50
MATH 242R,02,TuTh|Th,12:30,13:45
MATH 260,01,MWF,11:00,11:50
MATH 260,02,MWF,15:00,15:50
MATH 260,03,MW,12:30,13:45
MATH 260,04,TuTh,14:00,15:15
MATH 260,05,TuTh,16:00,17:15
MATH 260,06,TuTh,17:30,18:45
MATH 260,02,MWF,14:00,14:50
MATH 260,03,MW,16:00,17:15
MATH 260,05,TuTh,14:00,15:15
MATH 260,06,TuTh,16:00,17:15
MATH 265,01,TuTh,12:30,13:45
MATH 270,01,MW,13:00,14:15
MATH 270,01,MWF,13:00,13:50
MATH 270,02,TuTh,12:30,13:45
MATH 291,01,MWF,12:00,12:50
MATH 309,01,MWF,13:00,13:50
MATH 314,01,MW,13:00,14:15
MATH 314,01,TuTh,12:30,13:45
MATH 345,01,MW,16:00,17:15
MATH 345,02,MW,17:30,18:45
MATH 345,03,TuTh,16:00,17:15
MATH 345,04,TuTh,17:30,18:45
MATH 345,03,TuTh,12:30,13:45
MATH 345,04,TuTh,16:00,17:15
MATH 345,05,TuTh,17:30,18:45
MATH 358,01,MW,14:30,15:45
MATH 360,01,TuTh,16:00,17:15
MATH 361,01,MW,16:00,17:15
MATH 370,01,MW,14:30,15:45
MATH 425,01,TuTh,16:00,17:15
MATH 426,01,TuTh,16:00,17:15
MATH 447,01,MW,14:00,15:15
MATH 448,01,TuTh,17:30,18:45
MATH 450,01,TuTh,09:30,10:45
MATH 458,01,TuTh,16:00,17:15
MATH 460,01,TuTh,12:30,13:45
MGT 303,02,TuTh,09:30,10:45
MGT 303,03,TuTh,19:00,20:15
MGT 303,04,Tu,16:00,18:45
MGT 303,05,MW,16:00,17:15
MGT 303,06,M,16:00,18:45
MGT 303,08,TuTh,16:00,17:15
MGT 303,10,MW,11:00,12:15
MGT 303,01,MW,14:30,15:45
MGT 303,02,TuTh,12:30,13:45
MGT 303,04,TuTh,11:00,12:15
MGT 303,05,Th,16:00,18:45
MGT 330,01,F,08:00,10:45
MGT 330,02,TuTh,12:30,13:45
MGT 330,03,MW,14:30,15:45
MGT 330,04,TuTh,16:00,17:15
MGT 330,07,Th,16:00,18:45
MGT 330,08,MW,12:30,13:45
MGT 330,01,TuTh,09:30,10:45
MGT 330,02,TuTh,11:00,12:15
MGT 330,06,MW,13:00,14:15
MGT 330,07,F,08:00,10:45
MGT 331,01,MW,16:00,17:15
MGT 331,02,MW,09:30,10:45
MGT 331,04,TuTh,11:00,12:15
MGT 331,06,TuTh,09:30,10:45
MGT 331,01,MW,17:30,18:45
MGT 331,02,TuTh,14:00,15:15
MGT 331,03,TuTh,09:30,10:45
MGT 331,04,Tu,17:30,20:15
MGT 415,01,Th,17:30,20:15
MGT 415,01,W,16:00,18:45
MGT 421,01,M,17:30,20:15
MGT 434,01,Th,17:30,20:15
MGT 434,01,TuTh,14:00,15:15
MGT 450,01,Tu,17:30,20:15
MGT 470,01,Tu,17:30,20:15
MGT 470,02,TuTh,14:00,15:15
MGT 470,01,MW,13:00,14:15
MGT 481L,01,M,17:30,20:15
MGT 490,01,Th,17:30,20:15
MGT 490,04,M,17:30,20:15
MGT 490,01,TuTh,16:00,17:15
MGT 490,02,MW,09:30,10:45
MGT 490,03,W,17:30,20:15
MGT 490,04,TuTh,12:30,13:45
MGT 498,01,Tu,16:00,18:45
MGT 499,01,TuTh,16:00,17:15
MKT 301,01,TuTh,11:00,12:15
MKT 301,02,MW,11:00,12:15
MKT 301,03,MW,12:30,13:45
MKT 301,04,MW,09:30,10:45
MKT 301,06,MW,14:30,15:45
MKT 301,07,TuTh,09:30,10:45
MKT 301,01,TuTh,16:00,17:15
MKT 301,02,MW,12:30,13:45
MKT 301,03,TuTh,11:00,12:15
MKT 301,04,TuTh,12:30,13:45
MKT 301,05,TuTh,14:00,15:15
MKT 301,06,MW,09:30,10:45
MKT 310,01,TuTh,12:30,13:45
MKT 310,02,F,11:00,13:45
MKT 310,03,Tu,16:00,18:45
MKT 310,01,Th,17:30,20:15
MKT 403,01,W|M,09:30,10:45
MKT 405,01,F,13:00,15:45
MKT 405,01,F,09:30,12:15
MKT 407,01,MW|,09:30,10:45
MKT 408,01,MW,11:00,12:15
MKT 425,01,MW,11:00,12:15
MKT 425,01,Tu,16:00,18:45
MKT 430,01,MW,16:00,17:15
MKT 435,01,MW,11:00,12:15
MKT 441,01,TuTh,16:00,17:15
MKT 441,01,TuTh,11:00,12:15
MKT 458,01,F,09:30,12:15
MKT 465,01,Th,17:30,20:15
MKT 478,01,MW,13:00,14:15
MKT 479,01,F,09:30,12:15
MKT 498,01,Tu,16:00,18:45
MKT 499,01,TuTh,16:00,17:15
MLLC 155L,01,TuTh,14:00,15:15
MLLC 210G,01,TuTh,11:00,12:15
MLLC 235L,01,MW,01:00,14:50
MLLC 250G,01,MWF,11:00,11:50
MLLC 255L,01,TuTh,11:00,12:15
MLLC 345L,01,MW,11:00,12:15
MLLC 355L,01,TuTh,11:00,12:15
MLLC 488L,01,TuTh,09:30,10:45
MSIS 110,01,TuTh,16:00,17:15
MSIS 110,02,MW,08:00,09:15
MSIS 110,04,MW,09:30,10:45
MSIS 110,05,MW,14:30,15:45
MSIS 110,06,MW,16:00,17:15
MSIS 110,07,M,17:30,20:15
MSIS 110,10,TuTh,09:30,10:45
MSIS 110,11,TuTh,11:00,12:15
MSIS 110,12,TuTh,12:30,13:45
MSIS 110,03,TuTh,16:00,17:15
MSIS 110,05,MW,08:00,09:15
MSIS 110,06,TuTh,14:00,15:15
MSIS 110,07,TuTh,12:30,13:45
MSIS 110,08,MW,14:30,15:45
MSIS 111L,02,MW,14:30,15:45
MSIS 111L,04,MW,11:00,12:15
MSIS 111L,05,TuTh,16:00,17:15
MSIS 111L,06,TuTh,11:00,12:15
MSIS 111L,09,TuTh,08:00,09:15
MSIS 111L,01,F,09:30,12:15
MSIS 111L,02,MW,13:00,14:15
MSIS 111L,03,MW,11:00,12:15
MSIS 111L,05,MW,09:30,10:45
MSIS 111L,06,TuTh,09:30,10:45
MSIS 111L,07,TuTh,16:00,17:15
MSIS 212,01,TuTh,16:00,17:15
MSIS 212,03,TuTh,14:00,15:15
MSIS 212,04,TuTh,09:30,10:45
MSIS 212,05,MW,13:00,14:15
MSIS 212,06,TuTh,12:30,13:45
MSIS 212,02,MW,09:30,10:45
MSIS 212,06,M,17:30,20:15
MSIS 212,07,TuTh,11:00,12:15
MSIS 230L,01,Tu,17:30,20:15
MSIS 230L,01,Th,17:30,20:15
MSIS 230L,03,W,17:30,20:15
MSIS 301,01,MW,13:00,14:15
MSIS 301,02,TuTh,12:30,13:45
MSIS 301,03,MW,16:00,17:15
MSIS 301,04,M,17:30,20:15
MSIS 301,06,W,17:30,20:15
MSIS 301,01,TuTh,11:00,12:15
MSIS 301,03,W,17:30,20:15
MSIS 301,04,MW,13:00,14:15
MSIS 301,05,MW,14:30,15:45
MSIS 310,01,TuTh,14:00,15:15
MSIS 310,01,TuTh,16:00,17:15
MSIS 415,01,Th,17:30,20:15
MSIS 425L,01,MW,16:00,17:15
MSIS 425L,02,M,17:30,20:15
MSIS 425L,01,Th,17:30,20:15
MSIS 425L,02,MW,16:00,17:15
MSIS 428L,01,Th,17:30,20:15
MSIS 428L,01,Tu,17:30,20:15
MSIS 454L,01,Tu,17:30,20:15
MSIS 454L,01,Th,17:30,20:15
MSIS 461L,01,W,17:30,20:15
MSIS 461L,01,M,17:30,20:15
MSIS 498,01,Tu,16:00,18:45
MSIS 499,01,TuTh,16:00,17:15
MUSIC 101,01,MW,14:30,15:45
MUSIC 102,01,MW,13:00,14:15
MUSIC 104,01,TuTh,14:30,15:45
MUSIC 105G,01,MWF|F,09:00,09:50
MUSIC 106,01,W,06:00,20:30
MUSIC 111,01,TuTh,12:30,13:45
MUSIC 111,02,TuTh,17:30,18:45
MUSIC 115,01,TuTh,11:00,12:15
MUSIC 115,01,TuTh,08:00,09:15
MUSIC 117,01,TuTh,09:30,10:45
MUSIC 121,01,MWF,12:00,12:50
MUSIC 122,01,MWF,12:00,12:50
MUSIC 123,01,MWF,13:00,13:50
MUSIC 124,01,MWF,13:00,13:50
MUSIC 131,01,TuTh,11:00,12:15
MUSIC 131,02,TuTh,12:30,13:45
MUSIC 132,01,TuTh,12:30,13:45
MUSIC 200,01,TuTh,09:30,10:45
MUSIC 201,01,TuTh,19:00,20:15
MUSIC 205G,01,MWF,08:00,08:50
MUSIC 221,01,MWF,10:00,10:50
MUSIC 222,01,MWF,10:00,10:50
MUSIC 223,01,MWF,11:00,11:50
MUSIC 224,01,MWF,11:00,11:50
MUSIC 251,01,TuTh,11:00,12:15
MUSIC 253G,01,TuTh,11:00,12:15
MUSIC 300,01,TuTh,09:30,10:45
MUSIC 302,01,TuTh,12:30,13:45
MUSIC 303,01,TuTh,09:30,10:45
MUSIC 315,01,TuTh,11:00,12:15
MUSIC 402,01,Th,16:00,18:45
MUSIC 403,01,Tu,16:00,18:45
MUSIC 442,01,Th,16:00,18:45
MUSIC 480,01,M,16:00,18:45
MUSIC 483,01,Tu,16:00,18:45
NAIS 262L,01,MW,14:30,15:45
NAIS 263L,01,MW,13:00,14:15
NAIS 278L,01,TuTh,12:30,13:45
NURSNG 220,01,W,11:00,13:50
NURSNG 220,01L,W,04:00,17:50
NURSNG 220,02L,W,04:00,17:50
NURSNG 220,03L,W,04:00,17:50
NURSNG 220,04L,W,06:00,19:50
NURSNG 220,05L,W,06:00,19:50
NURSNG 220,06L,W,06:00,19:50
NURSNG 220,07L,Th,04:00,17:50
NURSNG 220,08L,Th,04:00,17:50
NURSNG 220,09L,Th,06:00,19:50
NURSNG 220,10L,Th,06:00,19:50
NURSNG 226,01,Th,08:00,10:50
NURSNG 226,01,Th,08:00,10:45
NURSNG 310,01,M,02:00,16:50
NURSNG 314,01,M,08:00,10:50
NURSNG 320,01,F,08:00,10:50
NURSNG 335,01,W,02:00,16:50
NURSNG 345,01,W,08:00,10:50
NURSNG 430,01,Tu,08:00,10:50
NURSNG 430,01,Tu,08:00,10:45
NURSNG 435,01,Tu,02:00,16:50
NURSNG 455,01,M,11:00,13:50
NURSNG 455,02D,M,05:30,19:30
NURSNG 455,03D,M,05:30,19:30
NURSNG 455,04D,M,05:30,19:30
NURSNG 455,05D,M,05:30,19:30
NURSNG 455,06D,M,08:00,09:50
NURSNG 455,07D,M,05:30,19:30
NURSNG 456,01,M,02:00,16:50
PHIL 100,01,MWF,12:00,12:50
PHIL 100,02,MWF,11:00,11:50
PHIL 100,03,MWF,13:00,13:50
PHIL 100,04,MWF,14:00,14:50
PHIL 100,05,MW,16:00,17:15
PHIL 100,06,TuTh,09:30,10:45
PHIL 100,07,TuTh,14:00,15:15
PHIL 100,09,MWF,14:00,14:50
PHIL 100,01,F,08:00,10:45
PHIL 100,02,TuTh,09:30,10:45
PHIL 100,04,F,13:00,15:45
PHIL 100,05,TuTh,12:30,13:45
PHIL 100,06,TuTh,16:00,17:15
PHIL 100,07,TuTh,08:00,09:15
PHIL 108,01,MWF,09:00,09:50
PHIL 108,02,MWF,10:00,10:50
PHIL 108,03,MWF,08:00,08:50
PHIL 108,04,W,16:00,18:45
PHIL 108,05,MWF,11:00,11:50
PHIL 108,06,MWF,14:00,14:50
PHIL 108,07,TuTh,11:00,12:15
PHIL 108,08,Tu,17:30,20:15
PHIL 108,01,MW,08:00,09:15
PHIL 108,03,M,16:00,18:45
PHIL 108,04,F,13:00,15:45
PHIL 108,05,TuTh,08:00,09:15
PHIL 108,06,TuTh,16:00,17:15
PHIL 108,07,Tu,17:30,20:15
PHIL 108,01,MTuWThF,12:00,15:00
PHIL 109G,01,MWF|M,08:00,08:50
PHIL 130G,01,TuTh,02:00,15:40
PHIL 130G,02,MWF|M,09:00,09:50
PHIL 130G,02,MWF|W,10:00,10:50
PHIL 130G,03,TuTh,02:00,15:40
PHIL 140G,01,TuTh,02:00,15:40
PHIL 150,01,TuTh,12:30,13:45
PHIL 150,01,MWF,13:00,13:50
PHIL 200,01,MWF,12:00,12:50
PHIL 207G,01,TuTh,08:00,09:15
PHIL 207G,02,MWF,13:00,13:50
PHIL 207G,03,TuTh,16:00,17:15
PHIL 207G,04,MWF,09:00,09:50
PHIL 207G,06,Th,17:30,20:15
PHIL 207G,07,Sa,11:45,14:45
PHIL 207G,01,MW,09:30,10:45
PHIL 207G,02,MW,14:30,15:45
PHIL 207G,03,TuTh,12:30,13:45
PHIL 207G,04,MWF,11:00,11:50
PHIL 207G,05,MW,13:00,14:15
PHIL 207G,06,MWF,08:00,08:50
PHIL 207G,07,TuTh,14:00,15:15
PHIL 207G,08,Sa,11:45,14:45
PHIL 207G,01,MTuWThF,06:00,21:00
PHIL 208,01,TuTh,08:00,09:15
PHIL 211,01,MWF,12:00,12:50
PHIL 212,01,TuTh,12:30,13:45
PHIL 215,01,MWF,09:00,09:50
PHIL 216,01,TuTh,11:00,12:15
PHIL 218,01,MW,13:00,14:15
PHIL 220,01,TuTh,14:00,15:15
PHIL 222,01,MWF,15:00,15:50
PHIL 224,01,MWF,13:00,13:50
PHIL 225L,01,TuTh,09:30,10:45
PHIL 230,01,MWF,12:00,12:50
PHIL 250,01,MWF,11:00,11:50
PHIL 250,02,TuTh,11:00,12:15
PHIL 255,01,TuTh,14:00,15:15
PHIL 290,01,MWF,10:00,10:50
PHIL 297,01,TuTh,16:00,17:15
PHIL 297,02,MWF,14:00,14:50
PHIL 327,01,TuTh,14:00,15:15
PHIL 345,01,TuTh,09:30,10:45
PHIL 347,01,MWF,12:00,12:50
PHIL 364,01,TuTh,11:00,12:15
PHIL 380,01,MWF,11:00,11:50
PHIL 381,01,MW,14:30,15:45
PHIL 397,01,MWF,14:00,14:50
PHIL 450,01,MWF,11:00,11:50
PHIL 455,01,TuTh,14:00,15:15
PHIL 462,01,MWF,13:00,13:50
PHIL 475,01,TuTh,12:30,13:45
PHIL 475,01,TuTh,11:00,12:15
PHYSIC 101,01,Tu,09:30,10:20
PHYSIC 107,01,MWF,09:00,09:50
PHYSIC 107,01D,M,10:00,10:50
PHYSIC 107,02D,F,10:00,10:50
PHYSIC 107,03D,W,10:00,10:50
PHYSIC 107,04D,W,11:00,11:50
PHYSIC 107,01,TuTh,14:00,15:15
PHYSIC 107,01D,M,16:00,16:50
PHYSIC 107,02D,W,16:00,16:50
PHYSIC 107,03D,W,16:00,16:50
PHYSIC 108,01,MW,16:00,17:15
PHYSIC 108,01D,M,15:00,15:50
PHYSIC 108,02D,W,15:00,15:50
PHYSIC 108,03D,F,16:00,16:50
PHYSIC 108,01,MWF,08:00,08:50
PHYSIC 108,01D,M,10:00,10:50
PHYSIC 108,02D,M,10:00,10:50
PHYSIC 108,03D,W,10:00,10:50
PHYSIC 108,04D,W,10:00,10:50
PHYSIC 113,01,TuTh,16:00,17:15
PHYSIC 113,01D,TuTh,14:00,14:50
PHYSIC 113,02D,TuTh,15:00,15:50
PHYSIC 113,03D,TuTh,15:00,15:50
PHYSIC 113,04D,TuTh,17:30,18:20
PHYSIC 113,05D,MW,12:00,12:50
PHYSIC 113,01,MW,16:00,17:15
PHYSIC 113,01D,MW,14:00,14:50
PHYSIC 113,02D,MW,14:00,14:50
PHYSIC 113,03D,MW,13:00,13:50
PHYSIC 113,04D,MW,15:00,15:50
PHYSIC 114,01,TuTh,14:00,15:15
PHYSIC 114,01D,TuTh,13:00,13:50
PHYSIC 114,02D,TuTh,15:30,16:20
PHYSIC 114,03D,TuTh,17:30,18:20
PHYSIC 114,01,MW,13:00,14:15
PHYSIC 114,01D,MW,08:00,08:50
PHYSIC 114,02D,MW,11:00,11:50
PHYSIC 114,03D,MW,12:00,12:50
PHYSIC 114,04D,MW,14:30,15:20
PHYSIC 121,01,MWF,13:00,13:50
PHYSIC 126,01,MWF,13:00,13:50
PHYSIC 171,01,Tu,08:00,10:30
PHYSIC 171,02,Tu,11:00,13:30
PHYSIC 171,03,Tu,02:00,16:30
PHYSIC 171,05,W,11:00,13:30
PHYSIC 171,06,W,02:00,16:30
PHYSIC 171,07,Th,08:00,10:30
PHYSIC 171,08,Th,11:00,13:30
PHYSIC 171,09,Th,02:00,16:30
PHYSIC 171,04,W,08:00,10:30
PHYSIC 172,02,Tu,11:00,13:30
PHYSIC 172,03,Tu,02:00,16:30
PHYSIC 172,04,W,08:00,10:30
PHYSIC 172,05,W,11:00,13:30
PHYSIC 172,08,Th,11:00,13:30
PHYSIC 172,09,Th,02:00,16:30
PHYSIC 172,06,W,02:00,16:30
PHYSIC 181,01,Tu,08:00,10:30
PHYSIC 181,02,Tu,11:00,13:30
PHYSIC 181,03,M,02:00,16:30
PHYSIC 181,04,W,08:00,10:30
PHYSIC 181,05,W,11:00,13:30
PHYSIC 181,06,W,02:00,16:30
PHYSIC 181,07,Th,08:00,10:30
PHYSIC 181,08,Th,11:00,13:30
PHYSIC 181,09,Th,11:00,13:30
PHYSIC 181,10,Th,08:00,10:30
PHYSIC 181,03,Tu,02:00,16:30
PHYSIC 181,09,Th,02:00,16:30
PHYSIC 181,10,Th,11:00,13:30
PHYSIC 181,11,Th,08:00,10:30
PHYSIC 182,01,Tu,08:00,10:30
PHYSIC 182,02,Tu,11:00,13:30
PHYSIC 182,04,W,08:00,10:30
PHYSIC 182,05,W,11:00,13:30
PHYSIC 182,06,W,02:00,16:30
PHYSIC 182,08,Th,11:00,13:30
PHYSIC 182,03,Tu,02:00,16:30
PHYSIC 182,06,W,02:30,17:00
PHYSIC 182,07,Th,08:00,10:30
PHYSIC 182,09,Th,02:00,16:30
PHYSIC 197,01,Tu,12:30,13:45
PHYSIC 211,01,TuTh|Th,11:00,12:15
PHYSIC 211,01,TuTh,09:30,10:45
PHYSIC 214,01,MWF,11:00,11:50
PHYSIC 247,01,TuTh,14:00,15:15
PHYSIC 281,01,M,02:00,16:00
PHYSIC 281,01L,W,12:00,16:00
PHYSIC 312,01,MW,09:30,10:45
PHYSIC 321,01,TuTh,11:00,12:15
PHYSIC 322,01,TuTh,14:00,15:15
PHYSIC 351,01,MW,09:30,10:45
PHYSIC 362,01,F|MW,11:00,12:50
PHYSIC 382,01,M,12:00,14:00
PHYSIC 382,01L,W,11:00,15:00
PHYSIC 397,01,TuTh,16:00,17:15
PHYSIC 421,01,TuTh,14:00,15:15
PHYSIC 447,01,MW,15:30,16:45
POLSCI 101,01,MW,08:00,08:50
POLSCI 101,01D,F,08:00,08:50
POLSCI 101,02D,F,09:00,09:50
POLSCI 102,01,MW,10:00,10:50
POLSCI 102,01D,F,10:00,10:50
POLSCI 102,02,TuTh,09:30,10:45
POLSCI 102,02D,F,11:00,11:50
POLSCI 102,03,MWF,14:00,14:50
POLSCI 102,04,MW,13:00,14:15
POLSCI 102,01,MWF,10:00,10:50
POLSCI 102,02,TuTh,08:00,09:15
POLSCI 103,01,F,08:00,10:45
POLSCI 103,02,F,13:00,15:45
POLSCI 103,01,TuTh,12:30,13:45
POLSCI 113G,01,W|MWF,09:00,09:50
POLSCI 202,01,MWF,12:00,12:50
POLSCI 202,01,TuTh,09:30,10:45
POLSCI 203,01,TuTh,12:30,13:45
POLSCI 203,01,MW,13:00,14:15
POLSCI 220,01,MW,16:00,17:15
POLSCI 220,02,TuTh,14:00,15:15
POLSCI 220,01,MW,09:00,09:50
POLSCI 220,01D,F,09:00,09:50
POLSCI 220,02,TuTh,11:00,12:15
POLSCI 220,02D,F,10:00,10:50
POLSCI 252,01,MWF,11:00,11:50
POLSCI 252,01,TuTh,09:30,10:45
POLSCI 309,01,MW,09:30,10:45
POLSCI 318,01,MW,14:30,15:45
POLSCI 320,01,F,08:00,10:45
POLSCI 325,01,MWF,13:00,13:50
POLSCI 329,01,TuTh,11:00,12:15
POLSCI 332,02,TuTh,14:00,15:15
POLSCI 333,01,MW,14:30,15:45
POLSCI 345,01,TuTh,16:00,17:15
POLSCI 350,01,TuTh,14:00,15:15
POLSCI 350,01,F,13:00,15:45
POLSCI 368,01,MWF,15:00,15:50
POLSCI 369,01,TuTh,08:00,09:15
POLSCI 371,01,TuTh,12:30,13:45
POLSCI 375,01,TuTh,09:30,10:45
POLSCI 380,01,MW,09:30,10:45
POLSCI 380,01,TuTh,14:00,15:15
POLSCI 387,01,MWF,11:00,11:50
POLSCI 390,01,MWF,15:00,15:50
POLSCI 393L,01,TuTh,11:00,12:15
POLSCI 402,01,TuTh,16:00,17:15
POLSCI 404,01,MW,08:00,09:15
POLSCI 410,01,MWF,12:00,12:50
POLSCI 415,01,TuTh,14:00,15:15
POLSCI 422,01,TuTh,11:00,12:15
POLSCI 453,01,MWF,09:00,09:50
POLSCI 458,01,TuTh,16:00,17:15
POLSCI 499L,01,MWF,14:00,14:50
POLSCI 499L,01,TuTh,12:30,13:45
PORT 101,01,MWF,10:00,10:50
PORT 101,02,TuTh,14:00,15:15
PORT 101,01,MWF,12:00,12:50
PORT 101,02,TuTh,09:30,10:45
PORT 101,03,MWF,10:00,10:50
PORT 102,01,MWF,14:00,14:50
PORT 201,01,TuTh,11:00,12:15
PORT 202,01,TuTh,11:00,12:15
PORT 304,01,MWF,12:00,12:50
PORT 375L,01,MWF,12:00,12:50
PSYCH 100,01,TuTh,14:00,15:15
PSYCH 100,02,MWF,14:00,14:50
PSYCH 100,03,TuTh,12:30,13:45
PSYCH 100,05,MW,14:30,15:45
PSYCH 100,06,TuTh,09:30,10:45
PSYCH 100,07,Sa,08:30,11:15
PSYCH 100,08,MWF,10:00,10:50
PSYCH 100,09,MW,17:30,18:45
PSYCH 100,01,MWF,11:00,11:50
PSYCH 100,02,TuTh,12:30,13:45
PSYCH 100,04,MWF,12:00,12:50
PSYCH 100,05,MWF,15:00,15:50
PSYCH 131G,01,MW|W,13:00,14:15
PSYCH 131G,01,MW|W,14:30,15:45
PSYCH 201,01,MWF,10:00,10:50
PSYCH 201,02,MWF,13:00,13:50
PSYCH 201,03,TuTh,08:00,09:15
PSYCH 201,04,TuTh,12:30,13:45
PSYCH 201,05,TuTh,16:00,17:15
PSYCH 201,06,TuTh,14:00,15:15
PSYCH 201,07,F,08:00,10:45
PSYCH 201,01,MW,16:00,17:15
PSYCH 201,02,MWF,10:00,10:50
PSYCH 201,03,MW,13:00,14:15
PSYCH 201,04,TuTh,14:00,15:15
PSYCH 201,05,TuTh,17:30,18:45
PSYCH 201,06,TuTh,08:00,09:15
PSYCH 210,01,TuTh,14:00,15:15
PSYCH 210,02,MW,16:00,17:15
PSYCH 210,01,MWF,11:00,11:50
PSYCH 210,02,MW,13:00,14:15
PSYCH 215,01,TuTh,16:00,17:15
PSYCH 215,02,MWF,13:00,13:50
PSYCH 215,03,TuTh,09:30,10:45
PSYCH 215,04,MW,08:00,09:15
PSYCH 215,01,MW,08:00,09:15
PSYCH 215,02,TuTh,14:00,15:15
PSYCH 215,04,Sa,11:45,14:30
PSYCH 216L,01,TuTh,12:30,13:45
PSYCH 216L,01,TuTh,11:00,12:15
PSYCH 230,01,MWF,09:00,09:50
PSYCH 230,02,TuTh,08:00,09:15
PSYCH 230,03,TuTh,16:00,17:15
PSYCH 230,03,TuTh,19:00,20:15
PSYCH 231,01,TuTh,11:00,12:15
PSYCH 231,01,TuTh,09:30,10:45
PSYCH 234,01,MWF,10:00,10:50
PSYCH 234,02,F,13:00,15:45
PSYCH 238L,01,TuTh,11:00,12:15
PSYCH 241,01,TuTh,12:30,13:45
PSYCH 241,02,MWF,11:00,11:50
PSYCH 241,03,MW,16:00,17:15
PSYCH 241,01,TuTh,09:30,10:45
PSYCH 241,02,MW,09:30,10:45
PSYCH 242,01,TuTh,17:30,18:45
PSYCH 242,01,MW,17:30,18:45
PSYCH 242,02,MWF,09:00,09:50
PSYCH 250,01,MWF,10:00,10:50
PSYCH 250,02,TuTh,14:00,15:15
PSYCH 250,01,MW,14:30,15:45
PSYCH 250,02,TuTh,16:00,17:15
PSYCH 255,01,TuTh,12:30,13:45
PSYCH 255,01,TuTh,09:30,10:45
PSYCH 260,01,TuTh,11:00,12:15
PSYCH 260,02,MWF,10:00,10:50
PSYCH 260,03,TuTh,16:00,17:15
PSYCH 260,01,MWF,12:00,12:50
PSYCH 260,02,TuTh,16:00,17:15
PSYCH 271L,01,MW,16:00,17:15
PSYCH 271L,02,F,13:00,15:45
PSYCH 302,01,MWF,12:00,12:50
PSYCH 302,01,MWF,14:00,14:50
PSYCH 333,01,F,13:00,15:45
PSYCH 338,01,TuTh,09:30,10:45
PSYCH 338,02,MW,17:30,18:45
PSYCH 338,01,TuTh,16:00,17:15
PSYCH 339,01,F,13:00,15:45
PSYCH 343,01,TuTh,11:00,12:15
PSYCH 343,02,MW,16:00,17:15
PSYCH 343,01,MWF,11:00,11:50
PSYCH 360,01,MW,08:00,09:15
PSYCH 360,01,TuTh,08:00,09:15
PSYCH 360,02,MWF,10:00,10:50
PSYCH 370,01,TuTh,09:30,10:45
PSYCH 370,02,MWF,14:00,14:50
PSYCH 370,01,MWF,11:00,11:50
PSYCH 370,02,MW,13:00,14:15
PSYCH 415,01,TuTh,12:30,13:45
PSYCH 415,02,MWF,12:00,12:50
PSYCH 415,01,F,13:00,15:45
PSYCH 415,02,MW,19:00,20:15
PSYCH 420,01,MWF,15:00,15:50
PSYCH 420,02,TuTh,16:00,17:15
PSYCH 420,01,MW,14:30,15:45
PSYCH 430,01,W,13:00,15:45
PSYCH 436,01,MWF,14:00,14:50
PSYCH 436,01,MWF,12:00,12:50
PSYCH 441,02,TuTh,16:00,17:15
PSYCH 441,01,MW,09:30,10:45
PSYCH 445,01,MWF,12:00,12:50
PSYCH 445,01,TuTh,14:00,15:15
PSYCH 447,01,TuTh,11:00,12:15
PSYCH 462,01,Sa,11:45,14:30
PSYCH 462,01,Sa,08:00,11:15
PSYCH 464,01,MW,09:30,10:45
PSYCH 464,01,TuTh,11:00,12:15
PSYCH 466,01,MW,13:00,14:15
PSYCH 468,01,MWF,13:00,13:50
PSYCH 474,01,TuTh,16:00,17:15
PSYCH 475,01,MW,09:30,10:45
PSYCH 475,01,TuTh,12:30,13:45
PSYCH 476,01,TuTh,11:00,12:15
PSYCH 477,01,F,13:00,15:45
PSYCH 490,01,F,08:00,10:45
PSYCH 490,02,TuTh,11:00,12:15
PSYCH 498,01,M,13:00,15:45
PSYCH 499,01,M,13:00,15:45
PUBHTH 101,01,TuTh,14:00,15:15
PUBHTH 101,01,TuTh,12:30,13:45
PUBHTH 102,01,TuTh,14:00,15:15
PUBHTH 220,01,TuTh,11:00,12:15
PUBHTH 240,01,TuTh,11:00,12:15
PUBHTH 240,01,Tu|Th,14:00,15:15
PUBHTH 265,01,TuTh,12:30,13:45
PUBHTH 330,01,TuTh,14:00,15:15
PUBHTH 350,01,TuTh,09:30,10:45
PUBHTH 355,01,TuTh,11:00,12:15
PUBHTH 356,01,TuTh,12:30,13:45
PUBHTH 360,01,MWF,15:00,15:50
PUBHTH 380,01,TuTh,09:30,10:45
PUBHTH 400,01,MW,09:30,10:45
RELSTY 109,01,TuTh,11:00,12:15
RELSTY 112L,01,MWF,15:00,15:50
RELSTY 115G,01,TuTh|Th,08:00,09:15
RELSTY 115G,01,Th|TuTh,13:00,13:50
RELSTY 125L,01,MW,13:00,14:15
RELSTY 215L,01,TuTh,09:30,10:45
RELSTY 215L,01,MTuWThF,08:30,11:30
RELSTY 218G,01,F,08:00,10:45
RELSTY 225L,01,TuTh,09:30,10:45
RELSTY 235L,01,TuTh,12:30,13:45
RELSTY 314L,01,MW,09:30,10:45
RELSTY 335L,01,TuTh,08:00,09:15
RELSTY 351L,01,TuTh,16:00,17:15
RELSTY 357L,01,TuTh,14:00,15:15
RELSTY 358L,01,MWF,11:00,11:50
SCSM 350,01,Th,17:30,20:15
SCSM 451,01,M,17:30,20:15
SCSM 454L,01,Tu,17:30,20:15
SCSM 454L,01,Th,17:30,20:15
SCSM 495,01,M,17:30,20:15
SCSM 498,01,Tu,16:00,18:45
SCSM 499,01,TuTh,16:00,17:15
SEMINR 114G,01,TuTh|Tu,12:30,13:45
SEMINR 114G,02,MWF|F,09:00,09:50
SEMINR 114G,03,MWF|M,10:00,10:50
SEMINR 114G,04,TuTh|Tu,12:30,13:45
SEMINR 114G,05,TuTh|Tu,16:00,17:15
SEMINR 114G,07,TuTh,02:00,15:45
SEMINR 114G,08,MWF|M,12:00,12:50
SEMINR 114G,09,MW,02:00,15:50
SEMINR 114G,10,MWF|F,09:00,09:50
SEMINR 114G,12,MWF|F,10:00,10:50
SEMINR 114G,13,TuTh|Tu,09:30,10:45
SEMINR 114G,14,MW|W,13:00,14:15
SEMINR 114G,15,MWF|W,14:00,14:50
SEMINR 114G,16,MW,11:00,12:50
SEMINR 114G,17,MWF|F,11:00,11:50
SEMINR 114G,18,MW|M,13:00,14:15
SEMINR 114G,01,TuTh|Tu,08:00,09:15
SEMINR 114G,03,W|MWF,09:00,09:50
SEMINR 114G,04,MWF|W,11:00,11:50
SEMINR 114G,05,TuTh|Th,11:00,12:15
SEMINR 114G,06,MWF|F,12:00,12:50
SEMINR 114G,07,TuTh|Th,12:30,13:45
SEMINR 114G,08,MWF|W,13:00,13:50
SEMINR 114G,09,MWF|F,15:00,15:50
SEMINR 114G,10,TuTh|Tu,16:00,17:15
SEMINR 120G,01,MWF|W,14:00,14:50
SEMINR 120G,02,F|MWF,12:00,12:50
SEMINR 120G,03,M|MWF,10:00,10:50
SL 101,01,MWF,13:00,13:50
SL 180,01,MWF,12:00,12:50
SL 201,01,MWF,12:00,12:50
SL 204,01,MWF,10:00,10:50
SL 206,01,TuTh,11:00,12:15
SL 280,01,Tu,13:00,15:45
SL 280,01,TuTh,14:00,15:15
SL 297,01,F,13:00,15:45
SL 301,01,TuTh,12:30,13:45
SL 302,01,TuTh,09:30,10:45
SL 331,01,MW,09:30,10:45
SL 380,01,TuTh|,13:00,14:15
SL 380,01,TuTh,14:00,15:15
SL 401,01,TuTh,09:30,10:45
SL 420,01,TuTh,11:00,12:15
SL 420,01,MW,13:00,14:15
SL 498,01,TuTh,11:00,12:15
SOCIOL 101,01,MWF,08:00,08:50
SOCIOL 101,02,MWF,09:00,09:50
SOCIOL 101,03,MWF,11:00,11:50
SOCIOL 101,04,MWF,10:00,10:50
SOCIOL 101,05,MWF,12:00,12:50
SOCIOL 101,06,MWF,13:00,13:50
SOCIOL 101,07,MWF,14:00,14:50
SOCIOL 101,08,MWF,15:00,15:50
SOCIOL 101,09,TuTh,08:00,09:15
SOCIOL 101,10,TuTh,09:30,10:45
SOCIOL 101,11,TuTh,11:00,12:15
SOCIOL 101,12,TuTh,12:30,13:45
SOCIOL 101,13,TuTh,14:00,15:15
SOCIOL 101,14,TuTh,16:00,17:15
SOCIOL 101,15,MW,08:00,09:15
SOCIOL 101,16,F,08:00,10:45
SOCIOL 101,17,F,13:00,15:45
SOCIOL 101,21,TuTh,11:00,12:15
SOCIOL 101,01,TuTh,08:00,09:15
SOCIOL 101,02,TuTh,09:30,10:45
SOCIOL 101,03,TuTh,11:00,12:15
SOCIOL 101,04,TuTh,12:30,13:45
SOCIOL 101,05,TuTh,14:00,15:15
SOCIOL 101,06,MWF,08:00,08:50
SOCIOL 101,07,MWF,09:00,09:50
SOCIOL 101,08,MWF,10:00,10:50
SOCIOL 101,09,MWF,12:00,12:50
SOCIOL 101,10,MWF,14:00,14:50
SOCIOL 101,11,MWF,15:00,15:50
SOCIOL 101,12,MW,13:00,14:15
SOCIOL 101,15,F,13:00,15:45
SOCIOL 102,01,MWF,13:00,13:50
SOCIOL 102,02,TuTh,16:00,17:15
SOCIOL 102,01,TuTh,12:30,13:45
SOCIOL 104,01,MWF,12:00,12:50
SOCIOL 104,02,MW,16:00,17:15
SOCIOL 104,03,TuTh,12:30,13:45
SOCIOL 104,04,TuTh,09:30,10:45
SOCIOL 104,05,MWF,15:00,15:50
SOCIOL 104,01,TuTh,14:00,15:15
SOCIOL 104,02,TuTh,08:00,09:15
SOCIOL 104,03,MWF,13:00,13:50
SOCIOL 104,04,TuTh,11:00,12:15
SOCIOL 104,05,MW,14:30,15:45
SOCIOL 110G,01,TuTh|Tu,08:00,09:15
SOCIOL 110G,02,Th|TuTh,10:00,10:50
SOCIOL 120G,01,TuTh|Tu,12:30,13:45
SOCIOL 120G,02,MWF|M,08:00,08:50
SOCIOL 120G,03,W|MWF,09:00,09:50
SOCIOL 120G,04,MWF|M,11:00,11:50
SOCIOL 120G,05,W|MWF,12:00,12:50
SOCIOL 120G,06,MWF|M,12:00,12:50
SOCIOL 120G,01,TuTh|Tu,08:00,09:15
SOCIOL 120G,02,MWF|W,13:00,13:50
SOCIOL 120G,03,Th|TuTh,09:30,10:45
SOCIOL 120G,04,MWF|M,09:00,09:50
SOCIOL 160,01,TuTh,08:00,09:15
SOCIOL 160,01,MWF,14:00,14:50
SOCIOL 200,01,TuTh,11:00,12:15
SOCIOL 200,01,TuTh,09:30,10:45
SOCIOL 201,01,MWF,10:00,10:50
SOCIOL 201,02,TuTh,16:00,17:15
SOCIOL 201,01,MWF,09:00,09:50
SOCIOL 201,02,TuTh,09:30,10:45
SOCIOL 202,01,MWF,08:00,08:50
SOCIOL 202,02,TuTh,11:00,12:15
SOCIOL 202,03,TuTh,14:00,15:15
SOCIOL 202,02,TuTh,12:30,13:45
SOCIOL 202,04,TuTh,16:00,17:15
SOCIOL 238,01,MWF,10:00,10:50
SOCIOL 242,01,MWF,12:00,12:50
SOCIOL 261,01,TuTh,09:30,10:45
SOCIOL 261,01,MWF,10:00,10:50
SOCIOL 262,01,MWF,14:00,14:50
SOCIOL 262,02,MWF,09:00,09:50
SOCIOL 262,03,TuTh,16:00,17:15
SOCIOL 262,01,TuTh,12:30,13:45
SOCIOL 262,02,TuTh,16:00,17:15
SOCIOL 262,03,MWF,11:00,11:50
SOCIOL 262,05,MWF,13:00,13:50
SOCIOL 305,01,MWF,12:00,12:50
SOCIOL 311,01,TuTh,11:00,12:15
SOCIOL 316,01,TuTh,09:30,10:45
SOCIOL 331,01,TuTh,12:30,13:45
SOCIOL 331,01,MWF,13:00,13:50
SOCIOL 337,01,MWF,11:00,11:50
SOCIOL 337,02,MW,13:00,14:15
SOCIOL 337,01,TuTh,09:30,10:45
SOCIOL 337,02,MWF,11:00,11:50
SOCIOL 338,01,TuTh,16:00,17:15
SOCIOL 339,01,TuTh,14:00,15:15
SOCIOL 342L,01,W|,05:00,19:00
SOCIOL 346,01,MWF,10:00,10:50
SOCIOL 350,01,MWF,11:00,11:50
SOCIOL 350,02,TuTh,09:30,10:45
SOCIOL 350,02,TuTh,08:00,09:15
SOCIOL 352,02,MWF,13:00,13:50
SOCIOL 352,01,MWF,09:00,09:50
SOCIOL 355L,01,MWF,13:00,13:50
SOCIOL 355L,01,TuTh,14:00,15:15
SOCIOL 362,01,MW,09:30,10:45
SOCIOL 362,01,TuTh,11:00,12:15
SOCIOL 363,01,MW,14:30,15:45
SOCIOL 363,01,TuTh,14:00,15:15
SOCIOL 364,01,TuTh,11:00,12:15
SOCIOL 364,02,TuTh,14:00,15:15
SOCIOL 365,01,MWF,14:00,14:50
SOCIOL 367,02,MWF,11:00,11:50
SOCIOL 367,01,TuTh,11:00,12:15
SOCIOL 380,01,TuTh,12:30,13:45
SOCIOL 460,01,W,17:30,20:15
SOCIOL 461,01,Tu,17:30,20:15
SOCIOL 470,01,TuTh,12:30,13:45
SOCIOL 474,01,M,17:30,20:15
SOCIOL 474,02,TuTh,14:00,15:15
SOCIOL 474,01,MW,16:00,17:15
SPAN 101,01,MWF,08:00,08:50
SPAN 101,02,MWF,11:00,11:50
SPAN 101,03,MWF,13:00,13:50
SPAN 101,04,TuTh,08:00,09:15
SPAN 101,05,TuTh,11:00,12:15
SPAN 101,06,TuTh,12:30,13:45
SPAN 101,07,TuTh,14:00,15:15
SPAN 101,08,MW,16:00,17:15
SPAN 101,09,F,16:00,18:45
SPAN 101,04,MWF,14:00,14:50
SPAN 101,05,TuTh,08:00,09:15
SPAN 101,08,F,16:00,18:45
SPAN 102,01,MWF,09:00,09:50
SPAN 102,02,MWF,12:00,12:50
SPAN 102,03,TuTh,08:00,09:15
SPAN 102,04,TuTh,09:30,10:45
SPAN 102,05,TuTh,12:30,13:45
SPAN 102,04,TuTh,08:00,09:15
SPAN 102,05,TuTh,11:00,12:15
SPAN 102,06,MW,16:00,17:15
SPAN 160G,01,TuTh|Th,12:30,13:45
SPAN 201,01,MWF,14:00,14:50
SPAN 201,02,TuTh,11:00,12:15
SPAN 201,01,MWF,09:00,09:50
SPAN 201,02,TuTh,12:30,13:45
SPAN 202,01,MWF,12:00,12:50
SPAN 202,01,TuTh,09:30,10:45
SPAN 230,01,MWF,11:00,11:50
SPAN 280,01,MWF,10:00,10:50
SPAN 289,01,TuTh,08:00,09:15
SPAN 301,01,MWF,10:00,10:50
SPAN 304,01,TuTh,14:00,15:15
SPAN 317,01,TuTh,12:30,13:45
SPAN 333,01,TuTh,12:30,13:45
SPAN 364,01,TuTh,09:30,10:45
SPAN 370,01,TuTh,09:30,10:45
SPAN 450,01,TuTh,11:00,12:15
THRART 100,02,TuTh,09:30,10:45
THRART 100,01,TuTh,14:00,15:15
THRART 105,01,MTuW,06:30,22:30
THRART 105,02,MTuW,06:30,22:30
THRART 105,03,MTuW,06:30,22:30
THRART 105,04,MTuW,06:30,22:30
THRART 105,05,Su,12:00,22:30
THRART 105,06,MTuW,06:30,20:30
THRART 105,07,Su,06:00,20:00
THRART 105,03,TuW,06:30,22:30
THRART 105,04,MTuW,12:00,22:00
THRART 105,06,TuThSa,06:30,20:30
THRART 105,07,TuTh,06:30,20:30
THRART 122,01,F,13:00,15:45
THRART 122,01,TuTh,12:30,13:45
THRART 123,01,MW,13:00,14:15
THRART 125,01,TuTh,11:00,12:15
THRART 125,01,F,13:00,15:45
THRART 136,01,MWF,09:00,09:50
THRART 136,02,TuTh,14:00,15:15
THRART 136,03,TuTh,11:00,12:15
THRART 136,04,TuTh,12:30,13:45
THRART 136,02,TuTh,11:00,12:15
THRART 136,03,TuTh,17:30,18:45
THRART 201,01,TuTh,09:30,10:45
THRART 202,01,TuTh,09:30,10:45
THRART 205,01,ThFSa,06:30,22:30
THRART 205,02,ThFSa,06:30,22:30
THRART 205,03,ThFSa,06:30,22:30
THRART 205,04,ThFSa,06:30,22:30
THRART 205,05,Su,12:00,22:30
THRART 205,06,Su,02:00,16:00
THRART 205,07,Su,02:00,16:00
THRART 205,02,MTuW,06:30,22:30
THRART 205,04,ThFSa,12:00,22:30
THRART 205,06,MWF,06:30,20:30
THRART 205,07,MWF,06:30,20:30
THRART 236,01,TuTh,14:00,15:15
THRART 251,01,TuTh,11:00,12:15
THRART 251,01,TuTh,16:00,17:15
THRART 260L,01,MWF,11:00,11:50
THRART 265L,01,MWF,10:00,10:50
THRART 275L,01,TuTh,12:30,13:45
THRART 305,01,MTuW,06:30,22:30
THRART 305,02,MTuW,06:30,22:30
THRART 305,03,MTuW,06:30,22:30
THRART 305,04,MTuW,06:30,22:30
THRART 305,05,Su,12:00,23:00
THRART 305,06,Su,04:00,18:00
THRART 305,07,ThFSa,06:30,22:00
THRART 305,04,MTuW,12:00,22:30
THRART 305,06,MWFSu,02:30,17:00
THRART 305,07,MW,01:00,16:00
THRART 324,01,TuTh,16:00,17:15
THRART 336,01,TuTh,14:00,15:15
THRART 337,01,TuTh,16:00,17:15
THRART 361,01,MWF,11:00,11:50
THRART 405,01,ThFSa,06:30,22:30
THRART 405,02,ThFSa,06:30,22:30
THRART 405,03,ThFSa,06:30,22:30
THRART 405,04,ThFSa,06:30,22:30
THRART 405,05,Su,06:00,20:00
THRART 405,06,Su,06:00,20:00
THRART 405,07,MTuW,06:30,22:00
THRART 405,04,ThFSa,12:00,22:30
THRART 405,05,Su,12:00,23:00
THRART 405,06,MTuTh,04:00,18:00
THRART 405,07,TuTh,01:00,16:00
THRART 481,01,F,13:00,15:45
THRART 481,01,TuTh,11:00,12:15
UPCD 120L,01,MWF,10:00,10:50
UPCD 201,01,TuTh,12:30,13:45
UPCD 210,01,TuTh,11:00,12:15
UPCD 315L,01,TuTh,16:00,17:15
UPCD 321,01,TuTh,14:00,15:15
UPCD 340L,01,MW,13:00,14:15
UPCD 353L,01,TuTh,16:00,17:15
UPCD 364L,01,MW,16:00,17:15
UPCD 380,01,TuTh,14:00,15:15
UPCD 459,01,TuTh,12:30,13:45
USEA 100,01,F,13:00,15:45
VIET 101,01,MWF,14:00,14:50
VIET 102,01,MWF,14:00,14:50
WGS 100,01,TuTh,16:00,17:15
WGS 100,02,Tu,16:00,18:45
WGS 110,01,MWF,11:00,11:50
WGS 110,02,TuTh,09:30,10:45
WGS 110,01,TuTh,09:30,10:45
WGS 120G,01,MWF|M,08:00,08:50
WGS 120G,02,MWF|W,11:00,11:50
WGS 120G,01,MWF|F,08:00,08:50
WGS 120G,02,W|MWF,09:00,09:50
WGS 150,01,MW,14:30,15:45
WGS 150,01,MWF,13:00,13:50
WGS 210G,01,TuTh,09:30,10:45
WGS 210G,01,TuTh,08:00,09:15
WGS 227GL,01,MW,17:30,18:45
WGS 227GL,01,MWF,12:00,12:50
WGS 230G,01,MW,17:30,18:45
WGS 243L,02,TuTh,16:00,17:15
WGS 243L,01,MW,16:00,17:15
WGS 263G,01,TuTh,08:00,09:15
WGS 268,01,TuTh,17:30,18:45
WGS 270,01,M,16:00,18:45
WGS 280,01,MWF,13:00,13:50
WGS 293L,01,TuTh,12:30,13:45
WGS 293L,01,TuTh,11:00,12:15
WGS 295L,01,TuTh,14:00,15:15
WGS 295L,01,TuTh,11:00,12:15
WGS 300L,02,TuTh,09:30,10:45
WGS 325L,01,MW,14:30,15:45
WGS 341L,01,MW,12:00,13:45
WGS 343L,01,TuTh,09:30,10:45
WGS 345L,01,MW,13:00,14:15
WGS 345L,01,MWF,11:00,11:50
WGS 347,01,TuTh,11:00,12:15
WGS 355L,01,MWF,13:00,13:50
WGS 355L,01,TuTh,14:00,15:15
WGS 357L,01,TuTh,14:00,15:15
WGS 360,01,MWF,12:00,12:50
WGS 360,01,W,16:00,18:45
WGS 373,01,TuTh,12:30,13:45
WGS 376L,01,MW,13:00,14:15
WGS 376L,01,TuTh,14:00,15:15
WGS 394L,01,TuTh,14:00,15:15
WGS 394L,01,MWF,09:00,09:50
WGS 401,01,W,16:00,18:45
WGS 411,01,F,13:00,15:45
WGS 412L,01,MW,12:00,13:50
WGS 420,01,TuTh,16:00,17:15
WGS 490,01,TuTh,16:00,17:15
